Date,Price,Open,High,Low,Vol.,Change%
14/06/2024,"3.983,00","3.958,00","3.991,00","3.953,00","0,23K",1.25%
13/06/2024,"3.934,00","3.970,00","4.000,00","3.945,00","0,01K",-0.71%
12/6/2024,"3.962,00","3.981,00","4.001,00","3.981,00","0,14K",0.79%
11/6/2024,"3.931,00","3.930,00","3.975,00","3.892,00","0,19K",0.00%
10/6/2024,"3.931,00","3.953,00","3.980,00","3.922,00","0,10K",-0.56%
7/6/2024,"3.953,00","3.966,00","4.017,00","3.943,00","0,54K",0.46%
6/6/2024,"3.935,00","3.890,00","3.960,00","3.890,00","0,31K",1.73%
5/6/2024,"3.868,00","3.885,00","3.911,00","3.855,00","0,42K",-0.33%
4/6/2024,"3.881,00","3.912,00","3.948,00","3.875,00","0,45K",-4.62%
31/05/2024,"4.069,00","4.030,00","4.078,00","4.030,00","0,37K",2.06%
30/05/2024,"3.987,00","4.010,00","4.016,00","3.975,00","1,97K",-1.02%
29/05/2024,"4.028,00","3.963,00","4.033,00","3.950,00","1,45K",1.95%
28/05/2024,"3.951,00","3.869,00","3.959,00","3.869,00","1,33K",2.23%
27/05/2024,"3.865,00","3.900,00","3.900,00","3.850,00","1,46K",-0.18%
24/05/2024,"3.872,00","3.879,00","3.903,00","3.865,00","2,34K",0.49%
23/05/2024,"3.853,00","3.845,00","3.899,00","3.845,00","2,87K",0.44%
21/05/2024,"3.836,00","3.901,00","3.939,00","3.831,00","2,61K",-1.77%
20/05/2024,"3.905,00","3.915,00","3.929,00","3.878,00","1,89K",0.26%
17/05/2024,"3.895,00","3.834,00","3.915,00","3.834,00","2,24K",1.88%
16/05/2024,"3.823,00","3.865,00","3.882,00","3.809,00","1,87K",0.58%
15/05/2024,"3.801,00","3.940,00","3.940,00","3.800,00","0,01K",0.03%
14/05/2024,"3.800,00","3.927,00","3.945,00","3.800,00","0,12K",-2.76%
13/05/2024,"3.908,00","3.925,00","3.940,00","3.900,00","0,15K",1.43%
10/5/2024,"3.853,00","3.825,00","3.865,00","3.820,00","0,12K",-1.78%
9/5/2024,"3.923,00","3.920,00","3.921,00","3.900,00","0,29K",-0.86%
8/5/2024,"3.957,00","3.961,00","3.968,00","3.936,00","0,21K",-0.08%
7/5/2024,"3.960,00","3.912,00","3.960,00","3.912,00","0,28K",1.30%
6/5/2024,"3.909,00","3.893,00","3.920,00","3.888,00","0,63K",0.49%
3/5/2024,"3.890,00","3.870,00","3.895,00","3.860,00","0,30K",-0.13%
2/5/2024,"3.895,00","3.850,00","3.895,00","3.850,00","0,40K",0.85%
30/04/2024,"3.862,00","3.951,00","3.965,00","3.854,00","1,71K",-2.2
29/04/2024,"3.949,00","3.965,00","3.990,00","3.924,00","1,10K",0.46%
26/04/2024,"3.931,00","3.952,00","3.986,00","3.922,00","3,70K",-0.68%
25/04/2024,"3.958,00","4.054,00","4.054,00","3.904,00","2,51K",-2.03%
24/04/2024,"4.040,00","4.060,00","4.111,00","4.016,00","2,00K",-0.81%
23/04/2024,"4.073,00","4.059,00","4.143,00","4.055,00","2,95K",-0.12%
22/04/2024,"4.078,00","4.075,00","4.096,00","4.005,00","2,92K",0.54%
19/04/2024,"4.056,00","4.130,00","4.165,00","4.025,00","3,71K",-1.67%
18/04/2024,"4.125,00","4.145,00","4.172,00","4.120,00","2,87K",-0.82%
17/04/2024,"4.159,00","4.217,00","4.230,00","4.115,00","6,32K",-1.31%
16/04/2024,"4.214,00","4.299,00","4.299,00","4.213,00","4,03K",-4.34%
15/04/2024,"4.405,00","4.498,00","4.498,00","4.400,00","0,28K",-2.07%
12/4/2024,"4.498,00","4.490,00","4.591,00","4.450,00","0,23K",-0.42%
9/4/2024,"4.517,00","4.520,00","4.537,00","4.514,00","0,17K",0.07%
8/4/2024,"4.514,00","4.536,00","4.540,00","4.469,00","1,30K",-1.10%
5/4/2024,"4.564,00","4.548,00","4.566,00","4.531,00","0,82K",-0.28%
4/4/2024,"4.577,00","4.560,00","4.591,00","4.543,00","0,88K",-0.04%
3/4/2024,"4.579,00","4.508,00","4.600,00","4.505,00","0,89K",2.58%
2/4/2024,"4.464,00","4.395,00","4.467,00","4.384,00","0,64K",1.04%
1/4/2024,"4.418,00","4.360,00","4.420,00","4.351,00","0,37K",2.15%
29/03/2024,"4.325,00","4.288,00","4.328,00","4.281,00","0,87K",1.62%
27/03/2024,"4.256,00","4.330,00","4.338,00","4.250,00","2,80K",-1.75%
26/03/2024,"4.332,00","4.361,00","4.382,00","4.320,00","2,18K",-0.46%
25/03/2024,"4.352,00","4.322,00","4.375,00","4.284,00","0,95K",1.04%
22/03/2024,"4.307,00","4.355,00","4.381,00","4.299,00","1,66K",-1.03%
21/03/2024,"4.352,00","4.376,00","4.400,00","4.334,00","1,49K",-0.27%
20/03/2024,"4.364,00","4.300,00","4.393,00","4.297,00","2,00K",1.56%
19/03/2024,"4.297,00","4.332,00","4.350,00","4.286,00","1,91K",-0.67%
15/3/2024,"4.327,00","4.360,00","4.360,00","4.327,00","0,00K",-0.07%
14/03/2024,"4.330,00","4.238,00","4.394,00","4.238,00","0,04K",2.00%
13/03/2024,"4.245,00","4.207,00","4.245,00","4.207,00","0,04K",1.07%
12/3/2024,"4.200,00","4.220,00","4.231,00","4.200,00","0,09K",-0.19%
12/3/2024,"4.200,00","4.220,00","4.231,00","4.200,00","0,09K",-0.19%
11/3/2024,"4.208,00","4.150,00","4.185,00","4.135,00","0,11K",0.65%
8/3/2024,"4.181,00","4.165,00","4.222,00","4.165,00","0,10K",0.87%
7/3/2024,"4.145,00","4.145,00","4.145,00","4.145,00","0,34K",0.07%
6/3/2024,"4.142,00","4.086,00","4.145,00","4.085,00","0,08K",2.30%
5/3/2024,"4.049,00","4.040,00","4.052,00","4.040,00","0,02K",0.80%
4/3/2024,"4.017,00","4.037,00","4.037,00","4.007,00","0,06K",-0.17%
1/3/2024,"4.024,00","4.040,00","4.048,00","4.020,00","0,47K",-0.02%
29/02/2024,"4.025,00","3.995,00","4.035,00","3.995,00","0,79K",1.05%
28/02/2024,"3.983,00","4.015,00","4.045,00","3.980,00","1,60K",-0.95%
27/02/2024,"4.021,00","3.990,00","4.033,00","3.980,00","2,02K",0.85%
26/02/2024,"3.987,00","3.959,00","3.993,00","3.950,00","1,53K",0.45%
23/02/2024,"3.969,00","3.940,00","3.980,00","3.930,00","1,54K",0.38%
22/02/2024,"3.954,00","3.959,00","4.000,00","3.943,00","1,96K",-0.43%
21/02/2024,"3.971,00","3.989,00","4.020,00","3.929,00","2,47K",-0.18%
20/02/2024,"3.978,00","3.970,00","3.999,00","3.964,00","1,90K",0.38%
19/02/2024,"3.963,00","3.954,00","3.988,00","3.926,00","0,72K",1.36%
16/02/2024,"3.910,00","3.927,00","3.938,00","3.887,00","1,85K",-2.13%
15/02/2024,"3.995,00","3.995,00","3.995,00","3.995,00","0,04K",0.00%
14/02/2024,"3.995,00","3.942,00","3.980,00","3.942,00","0,04K",1.65%
13/02/2024,"3.930,00","3.885,00","3.925,00","3.885,00","0,16K",0.26%
9/2/2024,"3.920,00","3.953,00","3.955,00","3.920,00","0,11K",0.08%
8/2/2024,"3.917,00","3.950,00","3.950,00","3.910,00","0,09K",-0.33%
7/2/2024,"3.930,00","3.870,00","3.930,00","3.850,00","0,19K",1.73%
6/2/2024,"3.863,00","3.853,00","3.866,00","3.842,00","0,26K",1.07%
5/2/2024,"3.822,00","3.781,00","3.828,00","3.776,00","0,22K",0.90%
2/2/2024,"3.788,00","3.800,00","3.806,00","3.779,00","0,47K",-0.68%
31/01/2024,"3.814,00","3.849,00","3.875,00","3.813,00","0,59K",-1.40%
30/01/2024,"3.868,00","3.957,00","3.968,00","3.860,00","1,15K",-2.10%
29/01/2024,"3.951,00","3.997,00","3.997,00","3.948,00","0,53K",-1.69%
26/01/2024,"4.019,00","3.967,00","4.036,00","3.960,00","1,61K",0.55%
24/01/2024,"3.997,00","3.971,00","4.000,00","3.959,00","0,63K",0.86%
23/01/2024,"3.963,00","3.939,00","3.994,00","3.939,00","0,95K",0.89%
22/01/2024,"3.928,00","3.944,00","3.959,00","3.923,00","0,66K",-0.86%
19/01/2024,"3.962,00","3.934,00","3.978,00","3.910,00","1,50K",0.84%
18/01/2024,"3.929,00","3.855,00","3.940,00","3.839,00","1,66K",1.92%
18/01/2024,"3.855,00","3.895,00","3.902,00","3.845,00","1,55K",-0.62%
17/01/2024,"3.855,00","3.895,00","3.902,00","3.845,00","1,55K",-0.62%
16/01/2024,"3.879,00","3.812,00","3.905,00","3.812,00","2,61K",3.44%
15/01/2024,"3.750,00","3.750,00","3.750,00","3.750,00","0,01K",-0.79%
12/1/2024,"3.780,00","3.730,00","3.760,00","3.730,00","0,08K",1.07%
11/1/2024,"3.740,00","3.720,00","3.740,00","3.720,00","0,05K",0.75%
10/1/2024,"3.712,00","3.700,00","3.742,00","3.700,00","0,04K",0.54%
9/1/2024,"3.692,00","3.662,00","3.700,00","3.662,00","0,09K",0.33%
8/1/2024,"3.680,00","3.685,00","3.689,00","3.680,00","0,03K",-0.27%
5/1/2024,"3.690,00","3.702,00","3.715,00","3.664,00","0,29K",0.16%
4/1/2024,"3.684,00","3.673,00","3.686,00","3.656,00","0,21K",0.90%
3/1/2024,"3.651,00","3.623,00","3.662,00","3.615,00","0,27K",0.50%
2/1/2024,"3.633,00","3.605,00","3.643,00","3.600,00","0,73K",-0.79%
29/12/2023,"3.662,00","3.663,00","3.675,00","3.610,00","0,94K",0.14%
8/12/2023,"3.657,00","3.685,00","3.695,00","3.656,00","1,56K",-1.16%
27/12/2023,"3.700,00","3.700,00","3.722,00","3.690,00","1,25K",0.03%
26/12/2023,"3.699,00","3.683,00","3.700,00","3.675,00","0,88K",0.60%
22/12/2023,"3.677,00","3.655,00","3.679,00","3.630,00","0,90K",0.08%
21/12/2023,"3.674,00","3.729,00","3.750,00","3.660,00","1,55K",-1.21%
20/12/2023,"3.719,00","3.716,00","3.738,00","3.705,00","1,30K",0.49%
19/12/2023,"3.701,00","3.705,00","3.725,00","3.700,00","1,34K",0.38%
18/12/2023,"3.687,00","3.658,00","3.705,00","3.632,00","1,35K",2.39%
16/01/2024,"3.879,00","3.812,00","3.905,00","3.812,00","2,61K",3.44%
15/01/2024,"3.750,00","3.750,00","3.750,00","3.750,00","0,01K",-0.79%
12/1/2024,"3.780,00","3.730,00","3.760,00","3.730,00","0,08K",1.07%
11/1/2024,"3.740,00","3.720,00","3.740,00","3.720,00","0,05K",0.75%
10/1/2024,"3.712,00","3.700,00","3.742,00","3.700,00","0,04K",0.54%
9/1/2024,"3.692,00","3.662,00","3.700,00","3.662,00","0,09K",0.33%
8/1/2024,"3.680,00","3.685,00","3.689,00","3.680,00","0,03K",-0.27%
5/1/2024,"3.690,00","3.702,00","3.715,00","3.664,00","0,29K",0.16%
4/1/2024,"3.684,00","3.673,00","3.686,00","3.656,00","0,21K",0.90%
3/1/2024,"3.651,00","3.623,00","3.662,00","3.615,00","0,27K",0.50%
2/1/2024,"3.633,00","3.605,00","3.643,00","3.600,00","0,73K",-0.79%
29/12/2023,"3.662,00","3.663,00","3.675,00","3.610,00","0,94K",0.14%
28/12/2023,"3.657,00","3.685,00","3.695,00","3.656,00","1,56K",-1.16%
27/12/2023,"3.700,00","3.700,00","3.722,00","3.690,00","1,25K",0.03%
26/12/2023,"3.699,00","3.683,00","3.700,00","3.675,00","0,88K",0.60%
22/12/2023,"3.677,00","3.655,00","3.679,00","3.630,00","0,90K",0.08%
21/12/2023,"3.674,00","3.729,00","3.750,00","3.660,00","1,55K",-1.21%
20/12/2023,"3.719,00","3.716,00","3.738,00","3.705,00","1,30K",0.49%
19/12/2023,"3.701,00","3.705,00","3.725,00","3.700,00","1,34K",0.38%
18/12/2023,"3.687,00","3.658,00","3.705,00","3.632,00","1,35K",2.39%
18/12/2023,"3.687,00","3.658,00","3.705,00","3.632,00","1,35K",2.39%
15/12/2023,"3.601,00","3.601,00","3.601,00","3.601,00","0,03K",0.00%
14/12/2023,"3.601,00","3.585,00","3.585,00","3.585,00","0,03K",0.45%
13/12/2023,"3.585,00","3.580,00","3.580,00","3.580,00","0,11K",-0.64%
12/12/2023,"3.608,00","3.620,00","3.620,00","3.605,00","0,03K",0.08%
11/12/2023,"3.605,00","3.650,00","3.650,00","3.610,00","0,07K",0.14%
8/12/2023,"3.600,00","3.596,00","3.640,00","3.596,00","0,05K",0.61%
7/12/2023,"3.578,00","3.540,00","3.592,00","3.530,00","0,14K",-0.67%
6/12/2023,"3.602,00","3.633,00","3.636,00","3.546,00","0,30K",-0.94%
5/12/2023,"3.636,00","3.686,00","3.690,00","3.612,00","0,32K",-1.14%
4/12/2023,"3.678,00","3.705,00","3.705,00","3.670,00","0,16K",-1.47%
1/12/2023,"3.733,00","3.685,00","3.735,00","3.685,00","0,46K",-0.56%
30/11/2023,"3.754,00","3.738,00","3.761,00","3.737,00","1,16K",0.54%
29/11/2023,"3.734,00","3.743,00","3.774,00","3.710,00","1,39K",-0.59%
28/11/2023,"3.756,00","3.769,00","3.790,00","3.744,00","0,96K",-0.27%
27/11/2023,"3.766,00","3.780,00","3.798,00","3.744,00","0,92K",-0.42%
24/11/2023,"3.782,00","3.819,00","3.820,00","3.778,00","1,13K",-1.20%
23/11/2023,"3.828,00","3.830,00","3.851,00","3.820,00","0,89K",-0.60%
22/11/2023,"3.851,00","3.816,00","3.881,00","3.813,00","1,97K",0.84%
21/11/2023,"3.819,00","3.827,00","3.877,00","3.817,00","0,82K",0.42%
20/11/2023,"3.803,00","3.821,00","3.829,00","3.780,00","0,33K",-0.16%
17/11/2023,"3.809,00","3.850,00","3.850,00","3.788,00","1,11K",-1.55%
16/11/2023,"3.869,00","3.878,00","3.915,00","3.863,00","0,95K",1.82%
15/11/2023,"3.800,00","3.800,00","3.800,00","3.800,00","0,01K",1.09%
14/11/2023,"3.759,00","3.730,00","3.759,00","3.729,00","0,04K",2.34%
10/11/2023,"3.673,00","3.665,00","3.685,00","3.665,00","0,11K",1.46%
9/11/2023,"3.620,00","3.660,00","3.660,00","3.633,00","0,15K",-0.60%
8/11/2023,"3.642,00","3.660,00","3.663,00","3.641,00","0,15K",1.08%
7/11/2023,"3.603,00","3.600,00","3.616,00","3.600,00","0,16K",-0.88%
6/11/2023,"3.635,00","3.621,00","3.661,00","3.614,00","0,09K",0.08%
3/11/2023,"3.632,00","3.646,00","3.680,00","3.646,00","0,12K",-0.71%
2/11/2023,"3.658,00","3.610,00","3.675,00","3.610,00","0,35K",1.58%
1/11/2023,"3.601,00","3.552,00","3.610,00","3.552,00","0,29K",1.04%
31/10/2023,"3.564,00","3.637,00","3.637,00","3.559,00","0,60K",-1.68%
30/10/2023,"3.625,00","3.670,00","3.670,00","3.625,00","0,90K",-1.36%
27/10/2023,"3.675,00","3.641,00","3.694,00","3.617,00","0,83K",0.11%
26/10/2023,"3.671,00","3.589,00","3.695,00","3.589,00","1,27K",1.80%
25/10/2023,"3.606,00","3.600,00","3.612,00","3.569,00","1,23K",0.00%
24/10/2023,"3.606,00","3.686,00","3.686,00","3.592,00","0,79K",-2.33%
23/10/2023,"3.692,00","3.679,00","3.708,00","3.675,00","1,11K",-0.65%
20/10/2023,"3.716,00","3.727,00","3.727,00","3.681,00","1,89K",-0.27%
19/10/2023,"3.726,00","3.772,00","3.796,00","3.706,00","2,34K",-1.14%
18/10/2023,"3.769,00","3.735,00","3.790,00","3.730,00","1,27K",0.80%
17/10/2023,"3.739,00","3.735,00","3.760,00","3.708,00","1,85K",0.11%
16/10/2023,"3.735,00","3.720,00","3.742,00","3.701,00","1,50K",1.49%
13/10/2023,"3.680,00","3.620,00","3.680,00","3.620,00","0,04K",1.71%
12/10/2023,"3.618,00","3.571,00","3.615,00","3.562,00","0,10K",2.49%
11/10/2023,"3.530,00","3.555,00","3.585,00","3.533,00","0,26K",-0.31%
10/10/2023,"3.541,00","3.550,00","3.556,00","3.521,00","0,07K",-1.01%
9/10/2023,"3.577,00","3.620,00","3.621,00","3.570,00","0,44K",0.42%
6/10/2023,"3.562,00","3.570,00","3.585,00","3.550,00","0,29K",-0.11%
5/10/2023,"3.566,00","3.641,00","3.641,00","3.561,00","0,57K",-2.19%
4/10/2023,"3.646,00","3.630,00","3.670,00","3.625,00","0,43K",0.05%
3/10/2023,"3.644,00","3.686,00","3.686,00","3.640,00","0,30K",-0.03%
2/10/2023,"3.645,00","3.636,00","3.667,00","3.629,00","0,29K",-1.19%
29/09/2023,"3.689,00","3.664,00","3.742,00","3.664,00","0,51K",0.30%
27/09/2023,"3.678,00","3.600,00","3.702,00","3.598,00","0,69K",1.66%
26/09/2023,"3.618,00","3.675,00","3.675,00","3.600,00","1,76K",-1.55%
25/09/2023,"3.675,00","3.661,00","3.690,00","3.635,00","0,44K",0.77%
22/09/2023,"3.647,00","3.665,00","3.665,00","3.610,00","0,86K",-0.03%
21/09/2023,"3.648,00","3.665,00","3.665,00","3.610,00","1,22K",-0.38%
20/09/2023,"3.662,00","3.682,00","3.694,00","3.660,00","0,95K",-1.03%
19/09/2023,"3.700,00","3.681,00","3.701,00","3.619,00","0,53K",0.60%
18/09/2023,"3.678,00","3.675,00","3.747,00","3.664,00","0,59K",-0.33%
15/09/2023,"3.690,00","3.690,00","3.690,00","3.690,00","0,15K",0.82%
14/09/2023,"3.660,00","3.605,00","3.605,00","3.605,00","0,00K",0.69%
13/09/2023,"3.635,00","3.623,00","3.650,00","3.600,00","0,10K",1.03%
12/9/2023,"3.598,00","3.690,00","3.690,00","3.600,00","0,10K",-0.83%
11/9/2023,"3.628,00","3.730,00","3.730,00","3.630,00","0,04K",-2.73%
8/9/2023,"3.730,00","3.720,00","3.730,00","3.701,00","0,08K",-0.53%
7/9/2023,"3.750,00","3.780,00","3.780,00","3.746,00","0,16K",-0.27%
6/9/2023,"3.760,00","3.820,00","3.820,00","3.760,00","0,27K",-1.05%
5/9/2023,"3.800,00","3.853,00","3.870,00","3.810,00","0,38K",-1.88%
4/9/2023,"3.873,00","3.849,00","3.880,00","3.848,00","0,04K",-0.95%
1/9/2023,"3.910,00","3.860,00","3.915,00","3.860,00","0,16K",1.30%
30/08/2023,"3.860,00","3.790,00","3.866,00","3.790,00","0,27K",1.55%
29/08/2023,"3.801,00","3.800,00","3.815,00","3.790,00","0,80K",0.03%
28/08/2023,"3.800,00","3.839,00","3.839,00","3.800,00","0,63K",-1.55%
25/08/2023,"3.860,00","3.800,00","3.848,00","3.789,00","1,17K",1.18%
24/08/2023,"3.815,00","3.822,00","3.875,00","3.806,00","1,40K",0.08%
23/08/2023,"3.812,00","3.868,00","3.876,00","3.804,00","1,02K",-1.17%
22/08/2023,"3.857,00","3.882,00","3.907,00","3.847,00","0,94K",-1.66%
21/08/2023,"3.922,00","3.958,00","3.958,00","3.910,00","0,80K",1.76%
18/08/2023,"3.854,00","3.887,00","3.934,00","3.840,00","1,62K",-1.03%
17/08/2023,"3.894,00","3.807,00","3.899,00","3.798,00","0,91K",2.07%
16/08/2023,"3.815,00","3.783,00","3.824,00","3.777,00","1,02K",1.65%
15/08/2023,"3.753,00","3.753,00","3.753,00","3.753,00","0,14K",1.51%
14/08/2023,"3.697,00","3.730,00","3.733,00","3.700,00","0,14K",-0.80%
11/8/2023,"3.727,00","3.720,00","3.739,00","3.707,00","0,21K",-0.35%
10/8/2023,"3.740,00","3.735,00","3.760,00","3.730,00","0,10K",-0.13%
9/8/2023,"3.745,00","3.670,00","3.740,00","3.670,00","0,07K",1.88%
8/8/2023,"3.676,00","3.726,00","3.726,00","3.670,00","0,42K",-0.65%
7/8/2023,"3.700,00","3.781,00","3.805,00","3.684,00","0,30K",-2.17%
4/8/2023,"3.782,00","3.789,00","3.801,00","3.755,00","0,04K",0.72%
3/8/2023,"3.755,00","3.795,00","3.795,00","3.745,00","0,22K",-1.60%
2/8/2023,"3.816,00","3.840,00","3.840,00","3.791,00","0,08K",1.11%
1/8/2023,"3.774,00","3.804,00","3.814,00","3.773,00","0,27K",-0.47%
31/07/2023,"3.792,00","3.824,00","3.829,00","3.792,00","0,55K",-2.07%
28/07/2023,"3.872,00","3.884,00","3.885,00","3.830,00","0,91K",-1.27%
27/07/2023,"3.922,00","3.992,00","3.992,00","3.921,00","0,94K",-1.63%
26/07/2023,"3.987,00","4.015,00","4.073,00","3.960,00","0,84K",-0.33%
25/07/2023,"4.000,00","4.044,00","4.089,00","3.986,00","0,34K",-2.25%
24/07/2023,"4.092,00","3.938,00","4.124,00","3.906,00","1,79K",2.48%
21/07/2023,"3.993,00","3.985,00","4.020,00","3.950,00","0,88K",0.03%
20/07/2023,"3.992,00","3.900,00","4.002,00","3.900,00","2,61K",3.66%
18/07/2023,"3.851,00","3.850,00","3.903,00","3.826,00","0,97K",-0.88%
17/07/2023,"3.885,00","3.810,00","3.894,00","3.810,00","0,55K",1.75%
14/07/2023,"3.818,00","3.829,00","3.829,00","3.815,00","0,10K",0.85%
13/07/2023,"3.786,00","3.781,00","3.782,00","3.774,00","0,03K",-1.59%
12/7/2023,"3.847,00","3.839,00","3.839,00","3.811,00","0,04K",0.84%
11/7/2023,"3.815,00","3.850,00","3.850,00","3.830,00","0,04K",-0.73%
10/7/2023,"3.843,00","3.750,00","3.830,00","3.747,00","0,09K",2.29%
7/7/2023,"3.757,00","3.805,00","3.805,00","3.755,00","0,11K",-2.26%
6/7/2023,"3.844,00","3.800,00","3.845,00","3.800,00","0,24K",1.16%
5/7/2023,"3.800,00","3.830,00","3.845,00","3.800,00","0,22K",-0.39%
4/7/2023,"3.815,00","3.890,00","3.890,00","3.815,00","0,37K",-3.30%
3/7/2023,"3.945,00","3.950,00","3.950,00","3.875,00","0,71K",5.17%
30/06/2023,"3.751,00","3.815,00","3.815,00","3.751,00","0,61K",0.00%
28/06/2023,"3.751,00","3.670,00","3.798,00","3.670,00","0,46K",1.79%
27/06/2023,"3.685,00","3.733,00","3.770,00","3.685,00","0,86K",-1.44%
26/06/2023,"3.739,00","3.661,00","3.739,00","3.661,00","1,05K",2.61%
23/06/2023,"3.644,00","3.562,00","3.690,00","3.562,00","1,14K",1.73%
22/06/2023,"3.582,00","3.600,00","3.650,00","3.564,00","0,87K",-1.35%
21/06/2023,"3.631,00","3.735,00","3.770,00","3.588,00","0,96K",-2.84%
20/06/2023,"3.737,00","3.768,00","3.800,00","3.728,00","1,58K",-0.77%
19/06/2023,"3.766,00","3.805,00","3.815,00","3.744,00","2,04K",-0.50%
16/06/2023,"3.785,00","3.569,00","3.825,00","3.556,00","2,92K",7.56%
15/06/2023,"3.519,00","3.485,00","3.519,00","3.485,00","0,08K",1.18%
14/06/2023,"3.478,00","3.469,00","3.545,00","3.469,00","0,09K",1.08%
13/06/2023,"3.441,00","3.415,00","3.460,00","3.414,00","0,18K",1.74%
12/6/2023,"3.382,00","3.420,00","3.426,00","3.380,00","0,22K",-2.76%
9/6/2023,"3.478,00","3.470,00","3.492,00","3.465,00","0,53K",3.05%
8/6/2023,"3.375,00","3.410,00","3.410,00","3.389,00","0,27K",-1.06%
7/6/2023,"3.411,00","3.390,00","3.422,00","3.390,00","0,38K",1.64%
6/6/2023,"3.356,00","3.390,00","3.460,00","3.375,00","0,62K",-1.76%
2/6/2023,"3.416,00","3.336,00","3.435,00","3.336,00","0,23K",2.89%
1/6/2023,"3.320,00","3.280,00","3.320,00","3.278,00","0,16K",2.00%
31/05/2023,"3.255,00","3.400,00","3.400,00","3.232,00","0,49K",-5.10%
30/05/2023,"3.430,00","3.582,00","3.584,00","3.425,00","0,36K",-4.32%
29/05/2023,"3.585,00","3.550,00","3.592,00","3.537,00","0,56K",-0.14%
26/05/2023,"3.590,00","3.543,00","3.620,00","3.543,00","1,56K",0.70%
25/05/2023,"3.565,00","3.516,00","3.581,00","3.512,00","1,55K",1.08%
24/05/2023,"3.527,00","3.557,00","3.579,00","3.470,00","1,61K",-0.68%
23/05/2023,"3.551,00","3.672,00","3.701,00","3.540,00","2,18K",-3.32%
22/05/2023,"3.673,00","3.659,00","3.698,00","3.652,00","0,94K",-1.40%
19/05/2023,"3.725,00","3.666,00","3.735,00","3.661,00","1,75K",1.36%
18/05/2023,"3.675,00","3.730,00","3.736,00","3.662,00","2,16K",-1.32%
17/05/2023,"3.724,00","3.735,00","3.738,00","3.675,00","1,99K",-0.64%
16/05/2023,"3.748,00","3.807,00","3.825,00","3.716,00","1,45K",-2.65%
15/05/2023,"3.850,00","3.850,00","3.850,00","3.850,00","0,07K",0.18%
12/5/2023,"3.843,00","3.756,00","3.803,00","3.751,00","0,28K",1.13%
11/5/2023,"3.800,00","3.820,00","3.820,00","3.800,00","0,05K",-3.31%
10/5/2023,"3.930,00","4.000,00","4.030,00","3.930,00","0,22K",-2.96%
9/5/2023,"4.050,00","4.020,00","4.084,00","4.020,00","0,20K",-0.83%
8/5/2023,"4.084,00","4.120,00","4.120,00","4.084,00","0,62K",0.34%
5/5/2023,"4.070,00","4.079,00","4.100,00","4.050,00","0,37K",1.27%
3/5/2023,"4.019,00","4.002,00","4.025,00","3.969,00","0,37K",0.07%
2/5/2023,"4.016,00","3.943,00","4.020,00","3.943,00","0,09K",2.01%
28/04/2023,"3.937,00","4.050,00","4.190,00","3.877,00","2,18K",-2.67%
27/04/2023,"4.045,00","4.069,00","4.080,00","4.028,00","1,49K",-0.39%
26/04/2023,"4.061,00","4.050,00","4.074,00","4.023,00","0,51K",-0.49%
25/04/2023,"4.081,00","4.000,00","4.084,00","3.985,00","1,03K",-0.71%
20/04/2023,"4.110,00","4.106,00","4.130,00","4.051,00","1,85K",0.32%
19/04/2023,"4.097,00","4.132,00","4.183,00","4.073,00","1,99K",-1.04%
18/04/2023,"4.140,00","4.009,00","4.181,00","4.009,00","2,15K",3.14%
17/04/2023,"4.014,00","3.935,00","4.016,00","3.933,00","1,24K",-2.10%
14/04/2023,"4.100,00","4.150,00","4.200,00","4.100,00","0,03K",0.00%
13/04/2023,"4.100,00","4.100,00","4.100,00","4.100,00","0,01K",-1.68%
12/4/2023,"4.170,00","4.200,00","4.203,00","4.170,00","0,01K",-2.57%
11/4/2023,"4.280,00","4.329,00","4.344,00","4.300,00","0,04K",-1.09%
10/4/2023,"4.327,00","4.218,00","4.349,00","4.214,00","0,14K",2.54%
7/4/2023,"4.220,00","4.226,00","4.231,00","4.178,00","0,09K",0.69%
6/4/2023,"4.191,00","4.232,00","4.245,00","4.189,00","0,14K",-0.33%
5/4/2023,"4.205,00","4.190,00","4.206,00","4.190,00","0,15K",-0.87%
4/4/2023,"4.242,00","4.215,00","4.237,00","4.207,00","0,03K",1.75%
3/4/2023,"4.169,00","4.122,00","4.175,00","4.105,00","0,33K",2.74%
31/03/2023,"4.058,00","4.125,00","4.132,00","4.010,00","0,40K",-1.31%
30/03/2023,"4.112,00","4.015,00","4.112,00","4.010,00","0,32K",2.03%
29/03/2023,"4.030,00","3.990,00","4.034,00","3.958,00","0,68K",0.47%
28/03/2023,"4.011,00","3.896,00","4.013,00","3.880,00","0,69K",3.27%
27/03/2023,"3.884,00","3.783,00","3.889,00","3.762,00","0,81K",3.55%
24/03/2023,"3.751,00","3.760,00","3.869,00","3.695,00","1,18K",0.03%
23/03/2023,"3.750,00","3.842,00","3.847,00","3.737,00","0,40K",-2.22%
22/03/2023,"3.835,00","3.949,00","3.962,00","3.803,00","1,67K",-2.59%
21/03/2023,"3.937,00","3.964,00","4.006,00","3.915,00","1,72K",0.05%
20/03/2023,"3.935,00","4.035,00","4.035,00","3.918,00","1,99K",-3.34%
17/03/2023,"4.071,00","4.083,00","4.154,00","4.044,00","0,87K",-0.29%
16/03/2023,"4.083,00","4.006,00","4.092,00","4.000,00","2,04K",-0.49%
15/03/2023,"4.103,00","4.103,00","4.103,00","4.103,00","0,07K",0.00%
14/03/2023,"4.103,00","4.103,00","4.103,00","4.103,00","0,07K",-0.87%
13/03/2023,"4.139,00","4.110,00","4.130,00","4.110,00","0,07K",-0.74%
10/3/2023,"4.170,00","4.185,00","4.185,00","4.127,00","0,16K",0.10%
9/3/2023,"4.166,00","4.194,00","4.194,00","4.160,00","0,03K",-0.22%
8/3/2023,"4.175,00","4.218,00","4.227,00","4.173,00","0,04K",-0.57%
7/3/2023,"4.199,00","4.246,00","4.282,00","4.190,00","0,28K",-1.20%
6/3/2023,"4.250,00","4.246,00","4.260,00","4.246,00","0,04K",-1.57%
3/3/2023,"4.318,00","4.301,00","4.325,00","4.270,00","0,31K",1.12%
2/3/2023,"4.270,00","4.210,00","4.300,00","4.210,00","0,36K",2.99%
1/3/2023,"4.146,00","4.123,00","4.174,00","4.120,00","0,20K",0.80%
28/02/2023,"4.113,00","4.145,00","4.156,00","4.111,00","0,52K",-1.70%
27/02/2023,"4.184,00","4.138,00","4.191,00","4.109,00","0,87K",0.67%
24/02/2023,"4.156,00","4.183,00","4.210,00","4.145,00","1,00K",-0.81%
23/02/2023,"4.190,00","4.140,00","4.191,00","4.120,00","1,01K",2.22%
22/02/2023,"4.099,00","4.106,00","4.175,00","4.092,00","1,13K",0.05%
21/02/2023,"4.097,00","4.150,00","4.150,00","4.080,00","0,98K",-0.58%
20/02/2023,"4.121,00","4.110,00","4.150,00","4.099,00","1,44K",0.63%
17/02/2023,"4.095,00","4.055,00","4.122,00","4.055,00","1,08K",1.61%
16/02/2023,"4.030,00","3.923,00","4.050,00","3.899,00","2,09K",3.76%
15/02/2023,"3.884,00","3.884,00","3.884,00","3.884,00","0,04K",0.00%
14/02/2023,"3.884,00","3.918,00","3.920,00","3.900,00","0,04K",0.88%
13/02/2023,"3.850,00","3.886,00","3.910,00","3.810,00","0,07K",1.16%
10/2/2023,"3.806,00","3.807,00","3.900,00","3.783,00","0,04K",-0.68%
9/2/2023,"3.832,00","3.860,00","3.861,00","3.806,00","0,05K",0.31%
8/2/2023,"3.820,00","3.822,00","3.900,00","3.815,00","0,15K",0.05%
7/2/2023,"3.818,00","3.817,00","3.850,00","3.805,00","0,08K",2.50%
3/2/2023,"3.725,00","3.650,00","3.725,00","3.640,00","0,17K",2.00%
2/2/2023,"3.652,00","3.680,00","3.698,00","3.620,00","0,25K",-1.83%
31/01/2023,"3.720,00","3.859,00","3.860,00","3.700,00","0,82K",-3.38%
30/01/2023,"3.850,00","3.950,00","3.955,00","3.840,00","0,73K",-0.62%
27/01/2023,"3.874,00","3.783,00","3.880,00","3.783,00","0,95K",2.54%
26/01/2023,"3.778,00","3.760,00","3.809,00","3.729,00","0,31K",0.64%
25/01/2023,"3.754,00","3.806,00","3.812,00","3.720,00","1,05K",-3.37%
20/01/2023,"3.885,00","3.876,00","3.932,00","3.858,00","0,80K",-0.05%
19/01/2023,"3.887,00","3.864,00","3.907,00","3.850,00","1,12K",0.73%
18/01/2023,"3.859,00","3.816,00","3.884,00","3.805,00","1,52K",2.82%
17/01/2023,"3.790,00","3.847,00","3.860,00","3.781,00","1,59K",-1.46%
16/01/2023,"3.846,00","3.888,00","3.890,00","3.841,00","1,53K",0.68%
13/01/2023,"3.820,00","3.820,00","3.820,00","3.820,00","0,04K",-0.08%
12/1/2023,"3.823,00","3.800,00","3.810,00","3.800,00","0,04K",0.00%
11/1/2023,"3.823,00","3.815,00","3.815,00","3.800,00","0,01K",-1.65%
10/1/2023,"3.887,00","3.868,00","3.910,00","3.815,00","0,03K",-3.31%
9/1/2023,"4.020,00","3.955,00","4.000,00","3.895,00","0,09K",0.98%
6/1/2023,"3.981,00","4.081,00","4.098,00","3.934,00","0,03K",-2.43%
5/1/2023,"4.080,00","4.168,00","4.168,00","4.070,00","0,32K",-3.09%
4/1/2023,"4.210,00","4.223,00","4.240,00","4.161,00","0,37K",-1.29%
3/1/2023,"4.265,00","4.150,00","4.265,00","4.150,00","0,77K",2.25%
30/12/2022,"4.171,00","4.095,00","4.225,00","4.060,00","1,20K",2.28%
29/12/2022,"4.078,00","4.043,00","4.086,00","4.000,00","0,78K",0.22%
28/12/2022,"4.069,00","4.060,00","4.102,00","4.042,00","1,14K",0.10%
27/12/2022,"4.065,00","3.950,00","4.085,00","3.950,00","2,58K",6.92%
23/12/2022,"3.802,00","3.822,00","3.833,00","3.791,00","1,04K",-1.58%
22/12/2022,"3.863,00","3.925,00","3.939,00","3.818,00","1,79K",-1.30%
21/12/2022,"3.914,00","3.821,00","3.935,00","3.819,00","1,29K",1.95%
20/12/2022,"3.839,00","3.890,00","3.931,00","3.813,00","2,43K",-1.11%
19/12/2022,"3.882,00","3.904,00","3.920,00","3.855,00","0,47K",0.49%
18/01/2023,"3.859,00","3.816,00","3.884,00","3.805,00","1,52K",1.82%
17/01/2023,"3.790,00","3.847,00","3.860,00","3.781,00","1,59K",-1.46%
16/01/2023,"3.846,00","3.888,00","3.890,00","3.841,00","1,53K",0.68%
13/01/2023,"3.820,00","3.820,00","3.820,00","3.820,00","0,04K",-0.08%
12/1/2023,"3.823,00","3.800,00","3.810,00","3.800,00","0,04K",0.00%
11/1/2023,"3.823,00","3.815,00","3.815,00","3.800,00","0,01K",-1.65%
10/1/2023,"3.887,00","3.868,00","3.910,00","3.815,00","0,03K",-3.31%
9/1/2023,"4.020,00","3.955,00","4.000,00","3.895,00","0,09K",0.98%
6/1/2023,"3.981,00","4.081,00","4.098,00","3.934,00","0,03K",-2.43%
5/1/2023,"4.080,00","4.168,00","4.168,00","4.070,00","0,32K",-3.09%
4/1/2023,"4.210,00","4.223,00","4.240,00","4.161,00","0,37K",-1.29%
3/1/2023,"4.265,00","4.150,00","4.265,00","4.150,00","0,77K",2.25%
30/12/2022,"4.171,00","4.095,00","4.225,00","4.060,00","1,20K",2.28%
29/12/2022,"4.078,00","4.043,00","4.086,00","4.000,00","0,78K",0.22%
28/12/2022,"4.069,00","4.060,00","4.102,00","4.042,00","1,14K",0.10%
27/12/2022,"4.065,00","3.950,00","4.085,00","3.950,00","2,58K",6.92%
23/12/2022,"3.802,00","3.822,00","3.833,00","3.791,00","1,04K",-1.58%
22/12/2022,"3.863,00","3.925,00","3.939,00","3.818,00","1,79K",-1.30%
21/12/2022,"3.914,00","3.821,00","3.935,00","3.819,00","1,29K",1.95%
20/12/2022,"3.839,00","3.890,00","3.931,00","3.813,00","2,43K",-1.11%
19/12/2022,"3.882,00","3.904,00","3.920,00","3.855,00","0,47K",0.49%
16/12/2022,"3.863,00","3.854,00","3.950,00","3.829,00","1,94K",-0.57%
15/12/2022,"3.885,00","3.885,00","3.885,00","3.885,00","0,01K",0.00%
14/12/2022,"3.885,00","3.850,00","3.900,00","3.850,00","0,01K",1.54%
13/12/2022,"3.826,00","3.826,00","3.826,00","3.826,00","0,08K",4.02%
12/12/2022,"3.678,00","3.780,00","3.780,00","3.680,00","0,08K",-6.27%
9/12/2022,"3.924,00","3.900,00","3.900,00","3.900,00","0,01K",0.98%
8/12/2022,"3.886,00","3.960,00","3.960,00","3.860,00","0,00K",-0.64%
7/12/2022,"3.911,00","4.020,00","4.020,00","3.890,00","0,06K",-3.17%
6/12/2022,"4.039,00","3.825,00","4.040,00","3.820,00","0,07K",3.48%
5/12/2022,"3.903,00","3.890,00","3.925,00","3.865,00","0,21K",-0.05%
2/12/2022,"3.905,00","4.020,00","4.020,00","3.900,00","0,18K",-2.28%
1/12/2022,"3.996,00","4.072,00","4.080,00","3.980,00","0,45K",-2.51%
30/11/2022,"4.099,00","4.120,00","4.145,00","4.070,00","1,08K",0.02%
29/11/2022,"4.098,00","4.123,00","4.174,00","4.092,00","1,06K",0.94%
25/11/2022,"4.060,00","4.047,00","4.075,00","3.973,00","0,92K",1.78%
24/11/2022,"3.989,00","4.000,00","4.105,00","3.985,00","0,94K",-1.16%
23/11/2022,"4.036,00","3.976,00","4.050,00","3.917,00","0,84K",2.20%
22/11/2022,"3.949,00","3.835,00","3.960,00","3.776,00","1,04K",3.51%
21/11/2022,"3.815,00","3.796,00","3.854,00","3.750,00","1,32K",0.63%
17/11/2022,"3.791,00","3.900,00","3.900,00","3.746,00","1,71K",-2.97%
16/11/2022,"3.907,00","3.957,00","3.974,00","3.885,00","2,09K",-2.01%
15/11/2022,"3.987,00","3.987,00","3.987,00","3.987,00","0,00K",0.00%
14/11/2022,"3.987,00","3.993,00","3.993,00","3.993,00","0,00K",-4.78%
11/11/2022,"4.187,00","4.187,00","4.187,00","4.187,00","0,01K",1.90%
10/11/2022,"4.109,00","4.142,00","4.142,00","4.020,00","0,01K",-0.87%
9/11/2022,"4.145,00","4.200,00","4.207,00","4.120,00","0,17K",-2.56%
8/11/2022,"4.254,00","4.230,00","4.260,00","4.190,00","0,20K",-0.14%
7/11/2022,"4.260,00","4.200,00","4.270,00","4.176,00","0,19K",1.87%
4/11/2022,"4.182,00","4.200,00","4.230,00","4.127,00","0,22K",0.70%
3/11/2022,"4.153,00","4.200,00","4.226,00","4.120,00","0,50K",-0.95%
2/11/2022,"4.193,00","4.091,00","4.228,00","4.082,00","0,50K",3.58%
1/11/2022,"4.048,00","3.858,00","4.081,00","3.858,00","0,54K",4.92%
31/10/2022,"3.858,00","3.915,00","3.968,00","3.795,00","0,46K",0.84%
28/10/2022,"3.826,00","3.903,00","3.903,00","3.750,00","0,82K",-2.50%
27/10/2022,"3.924,00","3.929,00","4.030,00","3.919,00","0,90K",0.51%
26/10/2022,"3.904,00","3.953,00","4.026,00","3.853,00","1,23K",-1.51%
25/10/2022,"3.964,00","4.062,00","4.095,00","3.958,00","1,40K",-0.38%
21/10/2022,"3.979,00","4.003,00","4.047,00","3.920,00","0,76K",-0.40%
20/10/2022,"3.995,00","4.001,00","4.077,00","3.964,00","1,28K",-0.65%
19/10/2022,"4.021,00","3.979,00","4.063,00","3.934,00","1,98K",2.24%
18/10/2022,"3.933,00","3.841,00","3.994,00","3.806,00","2,03K",3.47%
17/10/2022,"3.801,00","3.778,00","3.813,00","3.692,00","1,66K",4.14%
14/10/2022,"3.650,00","3.650,00","3.650,00","3.650,00","0,01K",3.40%
13/10/2022,"3.530,00","3.550,00","3.550,00","3.550,00","0,03K",0.20%
12/10/2022,"3.523,00","3.523,00","3.523,00","3.523,00","0,01K",1.12%
11/10/2022,"3.484,00","3.540,00","3.540,00","3.508,00","0,01K",-4.02%
7/10/2022,"3.630,00","3.593,00","3.631,00","3.560,00","0,01K",1.14%
6/10/2022,"3.589,00","3.625,00","3.650,00","3.585,00","0,08K",1.61%
5/10/2022,"3.532,00","3.620,00","3.620,00","3.509,00","0,13K",0.89%
4/10/2022,"3.501,00","3.347,00","3.490,00","3.345,00","0,41K",5.45%
3/10/2022,"3.320,00","3.307,00","3.319,00","3.300,00","0,02K",-0.21%
30/09/2022,"3.327,00","3.330,00","3.357,00","3.300,00","0,42K",1.49%
29/09/2022,"3.278,00","3.214,00","3.321,00","3.186,00","0,57K",4.26%
28/09/2022,"3.144,00","3.460,00","3.480,00","3.143,00","0,71K",-9.21%
27/09/2022,"3.463,00","3.488,00","3.510,00","3.405,00","0,91K",-0.52%
26/09/2022,"3.481,00","3.550,00","3.566,00","3.372,00","0,90K",-5.23%
23/09/2022,"3.673,00","3.768,00","3.768,00","3.668,00","0,54K",-2.34%
22/09/2022,"3.761,00","3.713,00","3.805,00","3.713,00","0,48K",-1.21%
21/09/2022,"3.807,00","3.653,00","3.840,00","3.600,00","1,92K",3.56%
20/09/2022,"3.676,00","3.614,00","3.720,00","3.560,00","0,82K",1.94%
19/09/2022,"3.606,00","3.722,00","3.770,00","3.586,00","2,29K",-2.54%
15/09/2022,"3.700,00","3.700,00","3.700,00","3.700,00","0,22K",0.00%
14/09/2022,"3.700,00","3.560,00","3.750,00","3.560,00","0,22K",-1.57%
13/09/2022,"3.759,00","3.680,00","3.750,00","3.680,00","0,21K",5.89%
12/9/2022,"3.550,00","3.530,00","3.530,00","3.530,00","0,05K",1.43%
9/9/2022,"3.500,00","3.500,00","3.500,00","3.500,00","0,02K",1.80%
8/9/2022,"3.438,00","3.450,00","3.481,00","3.450,00","0,02K",-4.50%
7/9/2022,"3.600,00","3.625,00","3.630,00","3.615,00","0,19K",-2.83%
6/9/2022,"3.705,00","3.815,00","3.815,00","3.725,00","0,04K",-3.06%
5/9/2022,"3.822,00","3.820,00","3.859,00","3.815,00","0,03K",-0.21%
2/9/2022,"3.830,00","3.910,00","3.910,00","3.793,00","0,18K",-0.78%
1/9/2022,"3.860,00","4.000,00","4.030,00","3.886,00","0,20K",-3.57%
30/08/2022,"4.003,00","4.090,00","4.100,00","3.985,00","0,41K",-1.82%
29/08/2022,"4.077,00","4.162,00","4.180,00","4.074,00","0,80K",-1.74%
26/08/2022,"4.149,00","4.240,00","4.280,00","4.141,00","0,81K",-2.12%
25/08/2022,"4.239,00","4.304,00","4.305,00","4.212,00","0,39K",-1.19%
24/08/2022,"4.290,00","4.219,00","4.330,00","4.092,00","0,51K",1.49%
23/08/2022,"4.227,00","4.138,00","4.236,00","4.111,00","1,01K",1.54%
22/08/2022,"4.163,00","4.250,00","4.250,00","4.140,00","0,98K",1.78%
19/08/2022,"4.090,00","4.090,00","4.189,00","4.070,00","0,62K",0.76%
18/08/2022,"4.059,00","4.114,00","4.130,00","4.049,00","1,58K",-2.57%
18/08/2022,"4.059,00","4.114,00","4.130,00","4.049,00","1,58K",-2.57%
17/08/2022,"4.166,00","4.195,00","4.221,00","4.117,00","0,69K",0.24%
16/08/2022,"4.156,00","4.113,00","4.264,00","4.099,00","1,01K",-4.04%
15/08/2022,"4.331,00","4.331,00","4.331,00","4.331,00","0,04K",-2.28%
12/8/2022,"4.432,00","4.300,00","4.430,00","4.300,00","0,04K",3.07%
11/8/2022,"4.300,00","4.210,00","4.225,00","4.192,00","0,08K",2.60%
10/8/2022,"4.191,00","4.134,00","4.192,00","4.134,00","0,06K",0.50%
9/8/2022,"4.170,00","4.170,00","4.180,00","4.170,00","0,04K",0.85%
8/8/2022,"4.135,00","4.100,00","4.140,00","4.100,00","0,06K",2.86%
5/8/2022,"4.020,00","4.000,00","4.020,00","4.000,00","0,02K",2.03%
4/8/2022,"3.940,00","3.930,00","3.940,00","3.909,00","0,03K",-1.13%
3/8/2022,"3.985,00","4.042,00","4.070,00","4.042,00","0,03K",1.07%
2/8/2022,"3.943,00","3.941,00","4.020,00","3.941,00","0,04K",-3.66%
1/8/2022,"4.093,00","4.100,00","4.174,00","4.073,00","0,41K",-6.02%
29/07/2022,"4.355,00","4.050,00","4.360,00","4.050,00","0,91K",8.06%
28/07/2022,"4.030,00","3.911,00","4.096,00","3.911,00","0,67K",3.15%
27/07/2022,"3.907,00","3.751,00","3.935,00","3.750,00","1,04K",1.22%
26/07/2022,"3.860,00","3.800,00","3.956,00","3.787,00","1,16K",4.16%
25/07/2022,"3.706,00","3.728,00","3.837,00","3.696,00","1,45K",-0.56%
22/07/2022,"3.727,00","3.725,00","3.799,00","3.667,00","1,32K",0.54%
21/07/2022,"3.707,00","3.904,00","3.921,00","3.680,00","1,02K",-5.26%
20/07/2022,"3.913,00","3.795,00","3.984,00","3.795,00","1,39K",3.00%
19/07/2022,"3.799,00","3.992,00","4.035,00","3.779,00","2,81K",-2.26%
18/07/2022,"3.877,00","3.688,00","3.913,00","3.648,00","2,67K",7.02%
15/07/2022,"3.632,00","3.632,00","3.632,00","3.632,00","0,00K",-0.30%
14/07/2022,"3.643,00","3.850,00","3.850,00","3.850,00","0,00K",-5.38%
13/07/2022,"3.850,00","4.100,00","4.100,00","3.850,00","0,12K",-6.58%
12/7/2022,"4.121,00","4.120,00","4.120,00","4.120,00","0,01K",-0.39%
8/7/2022,"4.137,00","4.340,00","4.340,00","4.137,00","0,09K",0.19%
7/7/2022,"4.129,00","3.946,00","3.946,00","3.946,00","0,01K",1.37%
6/7/2022,"4.073,00","3.900,00","3.965,00","3.850,00","0,53K",-3.00%
5/7/2022,"4.199,00","4.497,00","4.497,00","4.197,00","0,46K",-5.85%
4/7/2022,"4.460,00","4.812,00","4.812,00","4.401,00","0,82K",-8.72%
1/7/2022,"4.886,00","5.001,00","5.001,00","4.737,00","1,33K",-3.97%
30/06/2022,"5.088,00","5.101,00","5.148,00","5.050,00","1,44K",0.37%
29/06/2022,"5.069,00","5.125,00","5.148,00","5.037,00","1,64K",-1.74%
28/06/2022,"5.159,00","5.014,00","5.201,00","4.959,00","2,33K",2.18%
27/06/2022,"5.049,00","4.887,00","5.105,00","4.833,00","1,12K",5.23%
24/06/2022,"4.798,00","4.899,00","5.018,00","4.683,00","2,21K",-1.48%
23/06/2022,"4.870,00","4.740,00","4.896,00","4.660,00","1,82K",3.88%
22/06/2022,"4.688,00","5.175,00","5.211,00","4.682,00","2,40K",-10.02%
21/06/2022,"5.210,00","5.186,00","5.348,00","5.114,00","2,28K",-0.97%
20/06/2022,"5.261,00","5.460,00","5.495,00","5.242,00","2,30K",-7.36%
17/06/2022,"5.679,00","5.663,00","5.695,00","5.566,00","0,88K",-0.07%
16/06/2022,"5.683,00","5.795,00","5.865,00","5.582,00","1,93K",-5.28%
15/06/2022,"6.000,00","6.000,00","6.000,00","6.000,00","0,01K",-2.50%
14/06/2022,"6.154,00","6.100,00","6.219,00","6.099,00","0,05K",0.39%
13/06/2022,"6.130,00","6.044,00","6.150,00","6.044,00","0,09K",-2.40%
10/6/2022,"6.281,00","6.600,00","6.640,00","6.350,00","0,26K",-4.69%
9/6/2022,"6.590,00","6.846,00","6.846,00","6.580,00","0,30K",-2.23%
8/6/2022,"6.740,00","6.700,00","6.740,00","6.700,00","0,15K",-0.30%
7/6/2022,"6.760,00","6.750,00","6.813,00","6.750,00","0,10K",0.84%
3/6/2022,"6.704,00","6.885,00","6.885,00","6.665,00","0,11K",-0.65%
2/6/2022,"6.748,00","6.700,00","6.808,00","6.690,00","1,06K",1.53%
1/6/2022,"6.646,00","6.632,00","6.675,00","6.580,00","0,58K",0.59%
31/05/2022,"6.607,00","6.784,00","6.830,00","6.536,00","1,19K",-1.54%
30/05/2022,"6.710,00","6.830,00","6.854,00","6.700,00","0,82K",-2.46%
27/05/2022,"6.879,00","7.047,00","7.230,00","6.877,00","0,82K",-2.93%
26/05/2022,"7.087,00","6.934,00","7.128,00","6.871,00","1,82K",1.82%
25/05/2022,"6.960,00","7.065,00","7.065,00","6.922,00","1,93K",-1.33%
24/05/2022,"7.054,00","6.822,00","7.100,00","6.801,00","3,85K",3.22%
23/05/2022,"6.834,00","6.705,00","6.840,00","6.703,00","1,42K",2.17%
20/05/2022,"6.689,00","6.525,00","6.880,00","6.400,00","2,87K",0.63%
19/05/2022,"6.647,00","6.705,00","6.715,00","6.575,00","1,74K",-0.70%
18/05/2022,"6.694,00","6.703,00","6.731,00","6.655,00","1,08K",0.45%
17/05/2022,"6.664,00","6.719,00","6.730,00","6.566,00","1,53K",-4.12%
13/05/2022,"6.950,00","6.950,00","6.950,00","6.950,00","0,21K",-0.57%
12/5/2022,"6.990,00","6.950,00","6.999,00","6.910,00","0,21K",-2.28%
11/5/2022,"7.153,00","6.920,00","7.204,00","6.908,00","0,20K",2.88%
10/5/2022,"6.953,00","6.950,00","7.000,00","6.900,00","0,14K",-1.17%
9/5/2022,"7.035,00","7.050,00","7.100,00","7.000,00","0,15K",-0.33%
6/5/2022,"7.058,00","7.348,00","7.348,00","6.945,00","0,40K",-4.39%
5/5/2022,"7.382,00","7.473,00","7.473,00","7.380,00","1,01K",-3.92%
29/04/2022,"7.683,00","7.470,00","7.817,00","7.470,00","1,23K",2.49%
28/04/2022,"7.496,00","7.660,00","7.660,00","7.345,00","0,47K",-3.36%
27/04/2022,"7.757,00","7.160,00","7.518,00","7.080,00","0,74K",9.58%
26/04/2022,"7.079,00","6.997,00","7.100,00","6.997,00","0,31K",1.53%
25/04/2022,"6.972,00","7.020,00","7.500,00","6.820,00","1,35K",1.47%
22/04/2022,"6.871,00","6.750,00","6.910,00","6.726,00","1,86K",0.93%
21/04/2022,"6.808,00","6.797,00","6.850,00","6.797,00","2,23K",0.40%
20/04/2022,"6.781,00","6.900,00","6.923,00","6.720,00","2,99K",-1.12%
18/04/2022,"6.858,00","6.701,00","6.868,00","6.691,00","1,82K",0.56%
15/04/2022,"6.820,00","6.820,00","6.820,00","6.820,00",,0.00%
14/04/2022,"6.820,00","6.900,00","6.900,00","6.810,00","0,07K",-0.19%
13/04/2022,"6.833,00","6.780,00","6.780,00","6.780,00","0,00K",-0.83%
12/4/2022,"6.890,00","6.800,00","6.890,00","6.800,00","0,11K",1.85%
11/4/2022,"6.765,00","6.700,00","6.800,00","6.700,00","0,10K",1.26%
8/4/2022,"6.681,00","6.590,00","6.700,00","6.540,00","0,16K",1.07%
7/4/2022,"6.610,00","6.582,00","6.658,00","6.530,00","0,14K",-0.81%
6/4/2022,"6.664,00","6.445,00","6.699,00","6.445,00","0,24K",1.26%
5/4/2022,"6.581,00","6.391,00","6.600,00","6.391,00","0,31K",3.36%
4/4/2022,"6.367,00","6.380,00","6.425,00","6.321,00","0,43K",0.06%
1/4/2022,"6.363,00","6.353,00","6.383,00","6.177,00","0,11K",-0.44%
31/03/2022,"6.391,00","6.495,00","6.513,00","6.353,00","1,11K",-2.25%
30/03/2022,"6.538,00","6.509,00","6.600,00","6.468,00","1,10K",-1.40%
29/03/2022,"6.631,00","6.522,00","6.670,00","6.445,00","1,05K",0.79%
28/03/2022,"6.579,00","6.629,00","6.630,00","6.560,00","0,56K",-0.56%
25/03/2022,"6.616,00","6.564,00","6.619,00","6.500,00","0,96K",1.57%
24/03/2022,"6.514,00","6.772,00","6.810,00","6.496,00","1,30K",-2.83%
23/03/2022,"6.704,00","6.450,00","6.710,00","6.440,00","2,27K",3.60%
22/03/2022,"6.471,00","6.322,00","6.472,00","6.304,00","1,68K",3.54%
21/03/2022,"6.250,00","6.188,00","6.400,00","6.151,00","1,04K",2.19%
18/03/2022,"6.116,00","6.571,00","6.749,00","6.105,00","0,96K",-6.67%
17/03/2022,"6.553,00","6.901,00","6.901,00","6.215,00","1,89K",-5.02%
16/03/2022,"6.899,00","6.743,00","6.900,00","6.685,00","0,83K",-5.23%
15/03/2022,"7.280,00","7.280,00","7.280,00","7.280,00","0,00K",4.21%
14/03/2022,"6.986,00","7.000,00","7.000,00","6.900,00","0,01K",-5.15%
11/3/2022,"7.365,00","7.525,00","7.542,00","7.390,00","0,08K",-4.10%
10/3/2022,"7.680,00","7.700,00","7.720,00","7.665,00","0,20K",0.77%
9/3/2022,"7.621,00","7.003,00","7.800,00","7.003,00","0,09K",8.82%
8/3/2022,"7.003,00","7.000,00","7.100,00","6.985,00","0,07K",-3.07%
7/3/2022,"7.225,00","7.000,00","7.100,00","6.950,00","0,17K",6.56%
4/3/2022,"6.780,00","7.300,00","7.300,00","6.724,00","0,38K",-8.99%
3/3/2022,"7.450,00","8.000,00","8.000,00","7.350,00","0,65K",-4.74%
2/3/2022,"7.821,00","8.200,00","8.757,00","7.780,00","1,67K",-4.19%
1/3/2022,"8.163,00","7.365,00","8.170,00","7.365,00","0,80K",9.56%
28/02/2022,"7.451,00","6.890,00","7.530,00","6.890,00","0,55K",10.91%
25/02/2022,"6.718,00","6.912,00","6.993,00","6.600,00","1,68K",-5.21%
24/02/2022,"7.087,00","6.520,00","7.093,00","6.520,00","1,55K",8.93%
23/02/2022,"6.506,00","6.275,00","6.530,00","6.274,00","1,26K",2.39%
22/02/2022,"6.354,00","6.160,00","6.357,00","6.160,00","1,73K",2.87%
21/02/2022,"6.177,00","6.100,00","6.200,00","6.100,00","1,57K",2.81%
18/02/2022,"6.008,00","6.000,00","6.075,00","5.986,00","2,19K",0.69%
17/02/2022,"5.967,00","5.845,00","5.970,00","5.807,00","1,90K",2.35%
16/02/2022,"5.830,00","5.842,00","5.910,00","5.762,00","1,91K",-0.60%
15/02/2022,"5.865,00","5.900,00","5.950,00","5.860,00","0,09K",-1.18%
14/02/2022,"5.935,00","5.870,00","5.999,00","5.870,00","0,17K",2.33%
11/2/2022,"5.800,00","5.830,00","5.830,00","5.800,00","0,01K",1.05%
10/2/2022,"5.740,00","5.737,00","5.760,00","5.737,00","0,05K",-0.43%
9/2/2022,"5.765,00","5.455,00","5.768,00","5.455,00","0,07K",3.58%
8/2/2022,"5.566,00","5.550,00","5.550,00","5.495,00","0,19K",-1.52%
7/2/2022,"5.652,00","5.760,00","5.765,00","5.600,00","0,17K",-2.20%
4/2/2022,"5.779,00","5.740,00","5.780,00","5.740,00","0,36K",1.14%
3/2/2022,"5.714,00","5.680,00","5.730,00","5.675,00","0,10K",-1.23%
31/01/2022,"5.785,00","5.840,00","5.840,00","5.770,00","0,23K",-0.31%
28/01/2022,"5.803,00","5.653,00","5.810,00","5.598,00","0,86K",3.38%
27/01/2022,"5.613,00","5.550,00","5.664,00","5.550,00","1,22K",1.94%
26/01/2022,"5.506,00","5.434,00","5.520,00","5.430,00","1,18K",0.95%
25/01/2022,"5.454,00","5.430,00","5.455,00","5.390,00","2,36K",0.29%
24/01/2022,"5.438,00","5.500,00","5.550,00","5.413,00","2,41K",-1.20%
21/01/2022,"5.504,00","5.399,00","5.510,00","5.387,00","2,08K",1.93%
20/01/2022,"5.400,00","5.365,00","5.420,00","5.365,00","1,54K",0.88%
17/02/2022,"5.967,00","5.845,00","5.970,00","5.807,00","1,90K",2.35%
16/02/2022,"5.830,00","5.842,00","5.910,00","5.762,00","1,91K",-0.60%
15/02/2022,"5.865,00","5.900,00","5.950,00","5.860,00","0,09K",-1.18%
14/02/2022,"5.935,00","5.870,00","5.999,00","5.870,00","0,17K",2.33%
11/2/2022,"5.800,00","5.830,00","5.830,00","5.800,00","0,01K",1.05%
10/2/2022,"5.740,00","5.737,00","5.760,00","5.737,00","0,05K",-0.43%
9/2/2022,"5.765,00","5.455,00","5.768,00","5.455,00","0,07K",3.58%
8/2/2022,"5.566,00","5.550,00","5.550,00","5.495,00","0,19K",-1.52%
7/2/2022,"5.652,00","5.760,00","5.765,00","5.600,00","0,17K",-2.20%
4/2/2022,"5.779,00","5.740,00","5.780,00","5.740,00","0,36K",1.14%
3/2/2022,"5.714,00","5.680,00","5.730,00","5.675,00","0,10K",-1.23%
31/01/2022,"5.785,00","5.840,00","5.840,00","5.770,00","0,23K",-0.31%
28/01/2022,"5.803,00","5.653,00","5.810,00","5.598,00","0,86K",3.38%
27/01/2022,"5.613,00","5.550,00","5.664,00","5.550,00","1,22K",1.94%
26/01/2022,"5.506,00","5.434,00","5.520,00","5.430,00","1,18K",0.95%
25/01/2022,"5.454,00","5.430,00","5.455,00","5.390,00","2,36K",0.29%
24/01/2022,"5.438,00","5.500,00","5.550,00","5.413,00","2,41K",-1.20%
21/01/2022,"5.504,00","5.399,00","5.510,00","5.387,00","2,08K",1.93%
20/01/2022,"5.400,00","5.365,00","5.420,00","5.365,00","1,54K",0.88%
19/01/2022,"5.353,00","5.426,00","5.467,00","5.340,00","1,94K",0.62%
17/01/2022,"5.320,00","5.260,00","5.324,00","5.232,00","1,64K",0.38%
14/01/2022,"5.300,00","5.300,00","5.300,00","5.300,00","0,01K",-0.56%
13/01/2022,"5.330,00","5.300,00","5.320,00","5.300,00","0,01K",1.33%
12/1/2022,"5.260,00","5.300,00","5.314,00","5.240,00","0,21K",-0.75%
11/1/2022,"5.300,00","5.250,00","5.300,00","5.250,00","0,48K",-1.23%
10/1/2022,"5.366,00","5.333,00","5.430,00","5.302,00","0,37K",0.68%
7/1/2022,"5.330,00","5.397,00","5.415,00","5.330,00","0,36K",-1.06%
6/1/2022,"5.387,00","5.434,00","5.449,00","5.309,00","0,94K",-0.92%
5/1/2022,"5.437,00","5.361,00","5.446,00","5.350,00","0,31K",2.43%
4/1/2022,"5.308,00","5.217,00","5.320,00","5.217,00","0,38K",0.93%
3/1/2022,"5.259,00","5.260,00","5.300,00","5.258,00","1,02K",1.94%
31/12/2021,"5.159,00","5.140,00","5.180,00","5.136,00","0,72K",0.17%
30/12/2021,"5.150,00","5.175,00","5.190,00","5.128,00","0,52K",-0.14%
29/12/2021,"5.157,00","5.200,00","5.200,00","5.130,00","1,18K",-1.15%
28/12/2021,"5.217,00","5.120,00","5.255,00","5.100,00","1,63K",2.60%
27/12/2021,"5.085,00","5.130,00","5.149,00","5.079,00","1,55K",-0.70%
24/12/2021,"5.121,00","4.958,00","5.125,00","4.955,00","1,04K",3.20%
23/12/2021,"4.962,00","4.950,00","4.984,00","4.937,00","1,22K",0.63%
22/12/2021,"4.931,00","4.865,00","4.966,00","4.863,00","0,82K",1.61%
21/12/2021,"4.853,00","4.830,00","4.865,00","4.820,00","1,29K",2.02%
20/12/2021,"4.757,00","4.878,00","4.878,00","4.755,00","1,29K",-2.50%
17/12/2021,"4.879,00","4.918,00","5.010,00","4.870,00","1,32K",0.04%
16/12/2021,"4.877,00","4.763,00","4.916,00","4.736,00","2,37K",1.60%
15/12/2021,"4.800,00","4.840,00","4.840,00","4.800,00","0,01K",-6.83%
14/12/2021,"5.152,00","5.230,00","5.230,00","5.128,00","0,02K",-1.64%
13/12/2021,"5.238,00","5.250,00","5.274,00","5.218,00","0,31K",-0.08%
10/12/2021,"5.242,00","5.210,00","5.266,00","5.180,00","0,44K",0.61%
9/12/2021,"5.210,00","5.250,00","5.293,00","5.204,00","0,34K",-0.86%
8/12/2021,"5.255,00","5.250,00","5.270,00","5.200,00","0,20K",-0.94%
7/12/2021,"5.305,00","5.250,00","5.320,00","5.250,00","0,58K",1.22%
6/12/2021,"5.241,00","5.300,00","5.300,00","5.218,00","0,58K",1.28%
2/12/2021,"5.175,00","5.217,00","5.217,00","5.125,00","0,63K",-0.96%
1/12/2021,"5.225,00","5.217,00","5.250,00","5.209,00","0,25K",0.71%
30/11/2021,"5.188,00","5.188,00","5.285,00","5.140,00","0,68K",-1.78%
29/11/2021,"5.282,00","5.315,00","5.350,00","5.250,00","1,34K",0.25%
26/11/2021,"5.269,00","5.332,00","5.332,00","5.255,00","0,52K",-1.24%
25/11/2021,"5.335,00","5.345,00","5.385,00","5.330,00","0,52K",-0.17%
24/11/2021,"5.344,00","5.345,00","5.355,00","5.284,00","0,74K",1.04%
23/11/2021,"5.289,00","5.437,00","5.442,00","5.286,00","1,73K",-1.98%
22/11/2021,"5.396,00","5.380,00","5.403,00","5.350,00","0,72K",-0.75%
19/11/2021,"5.437,00","5.435,00","5.500,00","5.435,00","0,71K",-0.17%
18/11/2021,"5.446,00","5.331,00","5.459,00","5.281,00","1,84K",2.27%
17/11/2021,"5.325,00","5.306,00","5.335,00","5.267,00","2,50K",1.53%
16/11/2021,"5.245,00","5.288,00","5.310,00","5.236,00","1,28K",-2.69%
15/11/2021,"5.390,00","5.375,00","5.420,00","5.375,00","0,14K",-0.28%
12/11/2021,"5.405,00","5.420,00","5.430,00","5.375,00","0,16K",0.84%
11/11/2021,"5.360,00","5.365,00","5.410,00","5.338,00","0,33K",-0.70%
10/11/2021,"5.398,00","5.286,00","5.400,00","5.280,00","0,54K",2.62%
9/11/2021,"5.260,00","5.220,00","5.260,00","5.200,00","0,61K",-1.29%
8/11/2021,"5.329,00","5.254,00","5.345,00","5.254,00","0,35K",0.19%
5/11/2021,"5.319,00","5.336,00","5.356,00","5.316,00","0,43K",-2.33%
3/11/2021,"5.446,00","5.400,00","5.475,00","5.400,00","0,28K",0.85%
2/11/2021,"5.400,00","5.415,00","5.415,00","5.340,00","0,46K",0.07%
1/11/2021,"5.396,00","5.400,00","5.420,00","5.320,00","0,63K",-0.11%
29/10/2021,"5.402,00","5.360,00","5.440,00","5.360,00","0,83K",1.73%
28/10/2021,"5.310,00","5.204,00","5.310,00","5.180,00","0,48K",0.19%
27/10/2021,"5.300,00","5.256,00","5.320,00","5.250,00","0,86K",-0.43%
26/10/2021,"5.323,00","5.315,00","5.336,00","5.250,00","1,49K",1.51%
25/10/2021,"5.244,00","5.240,00","5.290,00","5.223,00","0,75K",1.08%
22/10/2021,"5.188,00","5.095,00","5.189,00","5.070,00","1,74K",-0.40%
21/10/2021,"5.209,00","5.408,00","5.440,00","5.175,00","1,37K",-1.72%
20/10/2021,"5.300,00","5.190,00","5.315,00","5.188,00","1,86K",2.42%
18/10/2021,"5.175,00","5.094,00","5.180,00","5.094,00","1,56K",0.29%
15/10/2021,"5.160,00","5.160,00","5.160,00","5.160,00","0,03K",0.00%
14/10/2021,"5.160,00","5.145,00","5.155,00","5.120,00","0,07K",-1.88%
13/10/2021,"5.259,00","5.150,00","5.150,00","5.150,00","0,04K",3.20%
12/10/2021,"5.096,00","5.084,00","5.146,00","5.080,00","0,07K",-1.14%
11/10/2021,"5.155,00","5.135,00","5.170,00","5.122,00","0,14K",0.06%
8/10/2021,"5.152,00","5.036,00","5.139,00","5.009,00","0,21K",2.30%
7/10/2021,"5.036,00","5.010,00","5.037,00","5.000,00","0,22K",-0.61%
6/10/2021,"5.067,00","5.019,00","5.096,00","5.019,00","0,35K",1.85%
5/10/2021,"4.975,00","4.851,00","5.000,00","4.850,00","1,07K",2.83%
4/10/2021,"4.838,00","4.781,00","4.845,00","4.781,00","0,23K",1.83%
1/10/2021,"4.751,00","4.791,00","4.810,00","4.747,00","0,47K",-1.70%
30/09/2021,"4.833,00","4.760,00","4.848,00","4.739,00","1,13K",2.61%
29/09/2021,"4.710,00","4.657,00","4.735,00","4.630,00","0,48K",0.47%
28/09/2021,"4.688,00","4.600,00","4.710,00","4.576,00","0,96K",1.27%
27/09/2021,"4.629,00","4.700,00","4.707,00","4.600,00","0,81K",-0.77%
24/09/2021,"4.665,00","4.648,00","4.705,00","4.638,00","0,73K",0.15%
23/09/2021,"4.658,00","4.608,00","4.670,00","4.580,00","2,07K",1.73%
22/09/2021,"4.579,00","4.500,00","4.598,00","4.500,00","1,58K",2.44%
21/09/2021,"4.470,00","4.400,00","4.473,00","4.400,00","1,00K",0.61%
21/09/2021,"4.443,00","4.443,00","4.495,00","4.400,00","1,51K",-1.66%
17/09/2021,"4.518,00","4.550,00","4.550,00","4.445,00","2,34K",-3.87%
15/09/2021,"4.700,00","4.700,00","4.700,00","4.700,00","0,05K",1.49%
14/09/2021,"4.631,00","4.600,00","4.680,00","4.600,00","0,24K",0.30%
13/09/2021,"4.617,00","4.610,00","4.670,00","4.590,00","0,34K",0.94%
10/9/2021,"4.574,00","4.620,00","4.630,00","4.550,00","0,15K",-1.63%
9/9/2021,"4.650,00","4.660,00","4.700,00","4.660,00","0,09K",-1.48%
8/9/2021,"4.720,00","4.630,00","4.769,00","4.630,00","0,48K",2.05%
7/9/2021,"4.625,00","4.540,00","4.625,00","4.538,00","0,08K",1.60%
6/9/2021,"4.552,00","4.541,00","4.595,00","4.540,00","0,41K",0.04%
3/9/2021,"4.550,00","4.550,00","4.580,00","4.546,00","0,70K",1.61%
2/9/2021,"4.478,00","4.428,00","4.500,00","4.420,00","0,99K",0.67%
1/9/2021,"4.448,00","4.441,00","4.538,00","4.441,00","0,79K",-1.16%
30/08/2021,"4.500,00","4.581,00","4.595,00","4.487,00","1,18K",-1.32%
27/08/2021,"4.560,00","4.550,00","4.600,00","4.550,00","1,88K",-0.85%
26/08/2021,"4.599,00","4.595,00","4.619,00","4.540,00","1,18K",0.22%
25/08/2021,"4.589,00","4.555,00","4.597,00","4.525,00","1,55K",1.32%
24/08/2021,"4.529,00","4.500,00","4.560,00","4.500,00","1,21K",-0.51%
23/08/2021,"4.552,00","4.419,00","4.590,00","4.419,00","1,23K",0.84%
20/08/2021,"4.514,00","4.500,00","4.550,00","4.448,00","1,52K",0.20%
19/08/2021,"4.505,00","4.570,00","4.616,00","4.492,00","1,26K",-1.03%
18/08/2021,"4.552,00","4.555,00","4.592,00","4.524,00","1,72K",-1.79%
17/08/2021,"4.635,00","4.710,00","4.740,00","4.589,00","1,80K",-0.60%
16/08/2021,"4.663,00","4.647,00","4.715,00","4.635,00","1,82K",2.94%
13/08/2021,"4.530,00","4.530,00","4.530,00","4.518,00","0,02K",-1.18%
12/8/2021,"4.584,00","4.580,00","4.655,00","4.580,00","0,09K",-1.25%
11/8/2021,"4.642,00","4.506,00","4.625,00","4.506,00","0,07K",4.24%
9/8/2021,"4.453,00","4.508,00","4.520,00","4.453,00","0,17K",-1.48%
6/8/2021,"4.520,00","4.515,00","4.520,00","4.450,00","0,18K",-0.13%
5/8/2021,"4.526,00","4.536,00","4.551,00","4.520,00","0,26K",-2.25%
4/8/2021,"4.630,00","4.480,00","4.634,00","4.480,00","0,58K",3.14%
3/8/2021,"4.489,00","4.465,00","4.495,00","4.450,00","0,40K",0.99%
2/8/2021,"4.445,00","4.490,00","4.490,00","4.430,00","0,38K",-4.53%
30/07/2021,"4.656,00","4.695,00","4.740,00","4.651,00","0,74K",-0.36%
29/07/2021,"4.673,00","4.640,00","4.722,00","4.640,00","0,19K",1.81%
28/07/2021,"4.590,00","4.674,00","4.699,00","4.562,00","0,35K",-2.11%
27/07/2021,"4.689,00","4.665,00","4.720,00","4.630,00","0,97K",1.27%
26/07/2021,"4.630,00","4.523,00","4.658,00","4.489,00","0,46K",1.94%
23/07/2021,"4.542,00","4.440,00","4.586,00","4.440,00","0,96K",2.48%
22/07/2021,"4.432,00","4.359,00","4.450,00","4.351,00","1,30K",0.84%
21/07/2021,"4.395,00","4.370,00","4.400,00","4.300,00","2,60K",1.29%
19/07/2021,"4.339,00","4.343,00","4.343,00","4.301,00","1,95K",0.91%
16/07/2021,"4.300,00","4.227,00","4.317,00","4.205,00","2,70K",3.64%
15/07/2021,"4.149,00","4.150,00","4.150,00","4.149,00","0,11K",1.34%
14/07/2021,"4.094,00","4.100,00","4.130,00","4.042,00","0,08K",1.14%
13/07/2021,"4.048,00","4.014,00","4.050,00","4.014,00","0,03K",1.48%
12/7/2021,"3.989,00","3.985,00","4.010,00","3.985,00","0,08K",-0.77%
9/7/2021,"4.020,00","4.000,00","4.020,00","4.000,00","0,13K",2.55%
8/7/2021,"3.920,00","3.910,00","3.950,00","3.895,00","0,10K",-0.41%
7/7/2021,"3.936,00","3.913,00","3.943,00","3.870,00","0,31K",-0.28%
6/7/2021,"3.947,00","4.020,00","4.040,00","3.946,00","0,62K",-0.63%
5/7/2021,"3.972,00","3.887,00","3.980,00","3.880,00","0,95K",1.90%
2/7/2021,"3.898,00","3.840,00","3.910,00","3.825,00","0,53K",1.46%
1/7/2021,"3.842,00","3.950,00","3.950,00","3.815,00","0,90K",1.59%
30/06/2021,"3.782,00","3.823,00","3.863,00","3.780,00","0,98K",0.85%
29/06/2021,"3.750,00","3.670,00","3.766,00","3.662,00","1,55K",1.35%
28/06/2021,"3.700,00","3.620,00","3.714,00","3.620,00","0,72K",-0.05%
25/06/2021,"3.702,00","3.626,00","3.707,00","3.605,00","1,23K",2.69%
24/06/2021,"3.605,00","3.593,00","3.650,00","3.565,00","0,66K",-0.28%
23/06/2021,"3.615,00","3.640,00","3.708,00","3.602,00","1,15K",1.66%
22/06/2021,"3.556,00","3.605,00","3.647,00","3.550,00","1,75K",-0.25%
21/06/2021,"3.565,00","3.580,00","3.608,00","3.530,00","1,04K",-0.78%
18/06/2021,"3.593,00","3.457,00","3.615,00","3.434,00","0,78K",1.24%
17/06/2021,"3.549,00","3.510,00","3.573,00","3.490,00","1,37K",-0.48%
16/06/2021,"3.566,00","3.590,00","3.600,00","3.510,00","1,17K",0.20%
15/06/2021,"3.559,00","3.559,00","3.559,00","3.559,00","0,04K",0.00%
14/06/2021,"3.559,00","3.559,00","3.559,00","3.559,00","0,04K",-7.77%
11/6/2021,"3.859,00","3.859,00","3.859,00","3.859,00","0,04K",-4.72%
10/6/2021,"4.050,00","4.060,00","4.080,00","4.020,00","0,04K",-0.98%
9/6/2021,"4.090,00","4.108,00","4.108,00","4.085,00","0,09K",-2.15%
8/6/2021,"4.180,00","4.150,00","4.182,00","4.058,00","0,23K",-1.18%
4/6/2021,"4.230,00","4.183,00","4.240,00","4.183,00","0,14K",-0.75%
3/6/2021,"4.262,00","4.269,00","4.300,00","4.227,00","0,60K",2.30%
2/6/2021,"4.166,00","4.045,00","4.176,00","4.028,00","0,82K",3.68%
1/6/2021,"4.018,00","4.130,00","4.130,00","3.990,00","0,85K",-0.15%
31/05/2021,"4.024,00","4.284,00","4.290,00","4.010,00","1,77K",-6.44%
28/05/2021,"4.301,00","4.378,00","4.378,00","4.300,00","1,25K",0.82%
27/05/2021,"4.266,00","4.377,00","4.380,00","4.237,00","1,46K",-2.40%
25/05/2021,"4.371,00","4.320,00","4.385,00","4.306,00","1,81K",3.28%
24/05/2021,"4.232,00","4.330,00","4.367,00","4.196,00","0,96K",-3.62%
21/05/2021,"4.391,00","4.408,00","4.491,00","4.371,00","2,53K",-1.64%
20/05/2021,"4.464,00","4.591,00","4.656,00","4.450,00","2,20K",-4.39%
19/05/2021,"4.669,00","4.729,00","4.741,00","4.648,00","2,13K",-3.31%
18/05/2021,"4.829,00","4.783,00","4.839,00","4.727,00","3,47K",3.03%
17/05/2021,"4.687,00","4.724,00","4.747,00","4.670,00","1,69K",-2.35%
12/5/2021,"4.800,00","4.850,00","4.851,00","4.800,00","0,12K",0.25%
11/5/2021,"4.788,00","4.840,00","4.923,00","4.820,00","0,40K",-1.48%
10/5/2021,"4.860,00","4.810,00","4.860,00","4.785,00","0,57K",-0.47%
7/5/2021,"4.883,00","4.851,00","4.885,00","4.820,00","1,38K",3.50%
6/5/2021,"4.718,00","4.648,00","4.731,00","4.648,00","0,57K",2.61%
5/5/2021,"4.598,00","4.606,00","4.620,00","4.588,00","0,45K",0.09%
4/5/2021,"4.594,00","4.528,00","4.620,00","4.528,00","0,28K",0.02%
3/5/2021,"4.593,00","4.578,00","4.615,00","4.520,00","0,93K",4.20%
30/04/2021,"4.408,00","4.471,00","4.471,00","4.382,00","1,74K",-0.29%
28/04/2021,"4.421,00","4.377,00","4.435,00","4.350,00","1,25K",-1.76%
27/04/2021,"4.500,00","4.373,00","4.504,00","4.366,00","0,70K",3.66%
26/04/2021,"4.341,00","4.419,00","4.429,00","4.299,00","1,07K",-0.23%
23/04/2021,"4.351,00","4.488,00","4.500,00","4.350,00","0,70K",-1.56%
22/04/2021,"4.420,00","4.402,00","4.463,00","4.390,00","1,02K",1.82%
21/04/2021,"4.341,00","4.272,00","4.399,00","4.270,00","1,37K",2.60%
20/04/2021,"4.231,00","4.163,00","4.232,00","4.160,00","1,48K",1.22%
19/04/2021,"4.180,00","4.181,00","4.185,00","4.147,00","0,83K",-0.26%
16/04/2021,"4.191,00","4.160,00","4.215,00","4.160,00","1,59K",-0.21%
15/04/2021,"4.200,00","4.180,00","4.230,00","4.180,00","0,03K",0.00%
14/04/2021,"4.200,00","4.225,00","4.230,00","4.180,00","0,26K",-1.06%
13/04/2021,"4.245,00","4.200,00","4.300,00","4.180,00","0,17K",0.24%
12/4/2021,"4.235,00","4.225,00","4.275,00","4.225,00","0,27K",-1.05%
9/4/2021,"4.280,00","4.340,00","4.370,00","4.260,00","0,40K",0.85%
8/4/2021,"4.244,00","4.270,00","4.365,00","4.211,00","0,22K",-0.89%
7/4/2021,"4.282,00","4.257,00","4.290,00","4.215,00","0,64K",1.69%
6/4/2021,"4.211,00","4.180,00","4.230,00","4.155,00","0,37K",1.13%
5/4/2021,"4.164,00","4.165,00","4.182,00","4.135,00","0,78K",0.41%
2/4/2021,"4.147,00","4.112,00","4.160,00","4.100,00","0,35K",-0.10%
1/4/2021,"4.151,00","4.104,00","4.155,00","4.098,00","0,29K",2.22%
31/03/2021,"4.061,00","3.964,00","4.090,00","3.963,00","1,92K",1.05%
30/03/2021,"4.019,00","4.070,00","4.080,00","4.015,00","0,45K",-2.52%
29/03/2021,"4.123,00","4.000,00","4.125,00","3.954,00","1,18K",2.43%
26/03/2021,"4.025,00","4.052,00","4.078,00","4.000,00","1,49K",-3.25%
25/03/2021,"4.160,00","4.228,00","4.228,00","4.128,00","0,88K",-1.42%
24/03/2021,"4.220,00","4.211,00","4.241,00","4.166,00","0,62K",-0.31%
23/03/2021,"4.233,00","4.210,00","4.305,00","4.210,00","1,42K",2.30%
22/03/2021,"4.138,00","4.022,00","4.144,00","4.010,00","0,48K",3.11%
19/03/2021,"4.013,00","4.010,00","4.030,00","3.972,00","0,56K",-1.64%
18/03/2021,"4.080,00","4.152,00","4.162,00","4.072,00","1,52K",-2.86%
17/03/2021,"4.200,00","4.161,00","4.236,00","4.149,00","0,63K",0.72%
16/03/2021,"4.170,00","4.257,00","4.277,00","4.166,00","1,11K",-2.64%
15/03/2021,"4.283,00","4.283,00","4.283,00","4.283,00","0,08K",0.00%
12/3/2021,"4.283,00","4.290,00","4.330,00","4.290,00","0,08K",1.49%
11/3/2021,"4.220,00","4.120,00","4.210,00","4.120,00","0,13K",2.38%
10/3/2021,"4.122,00","4.090,00","4.120,00","4.080,00","0,16K",1.15%
9/3/2021,"4.075,00","4.070,00","4.085,00","4.035,00","0,25K",0.12%
8/3/2021,"4.070,00","4.040,00","4.093,00","4.020,00","0,22K",3.12%
5/3/2021,"3.947,00","3.945,00","3.990,00","3.928,00","1,22K",0.20%
4/3/2021,"3.939,00","3.917,00","3.951,00","3.917,00","0,33K",1.00%
3/3/2021,"3.900,00","3.850,00","3.901,00","3.847,00","0,63K",-0.08%
2/3/2021,"3.903,00","3.929,00","3.929,00","3.886,00","0,62K",-1.01%
1/3/2021,"3.943,00","4.027,00","4.050,00","3.932,00","0,97K",-1.08%
26/02/2021,"3.986,00","3.989,00","4.005,00","3.968,00","2,03K",-1.19%
25/02/2021,"4.034,00","4.035,00","4.056,00","3.960,00","0,99K",2.72%
24/02/2021,"3.927,00","4.031,00","4.035,00","3.920,00","0,95K",-2.00%
23/02/2021,"4.007,00","3.990,00","4.021,00","3.973,00","1,43K",1.57%
22/02/2021,"3.945,00","3.995,00","3.995,00","3.940,00","0,74K",0.79%
19/02/2021,"3.914,00","3.882,00","3.949,00","3.882,00","0,65K",0.82%
18/02/2021,"3.882,00","3.962,00","3.972,00","3.868,00","1,37K",-3.31%
17/02/2021,"4.015,00","3.991,00","4.025,00","3.990,00","1,72K",1.96%
16/02/2021,"3.938,00","3.932,00","3.995,00","3.916,00","1,64K",0.33%
15/02/2021,"3.925,00","3.930,00","3.952,00","3.925,00","0,37K",0.69%
11/2/2021,"3.898,00","3.937,00","3.945,00","3.937,00","0,27K",-1.44%
10/2/2021,"3.955,00","3.924,00","3.955,00","3.895,00","0,11K",0.87%
9/2/2021,"3.921,00","3.950,00","3.960,00","3.918,00","0,47K",1.03%
8/2/2021,"3.881,00","3.925,00","3.925,00","3.850,00","1,05K",-0.84%
5/2/2021,"3.914,00","3.859,00","4.010,00","3.859,00","1,24K",2.60%
4/2/2021,"3.815,00","3.709,00","3.903,00","3.709,00","0,68K",2.86%
3/2/2021,"3.709,00","3.780,00","3.783,00","3.690,00","0,59K",-4.70%
2/2/2021,"3.892,00","3.890,00","3.960,00","3.877,00","1,22K",-1.09%
29/01/2021,"3.935,00","3.810,00","3.935,00","3.810,00","0,63K",4.24%
27/01/2021,"3.775,00","3.651,00","3.780,00","3.611,00","1,43K",4.69%
26/01/2021,"3.606,00","3.596,00","3.616,00","3.530,00","2,29K",1.58%
25/01/2021,"3.550,00","3.529,00","3.608,00","3.529,00","1,10K",-0.92%
22/01/2021,"3.583,00","3.523,00","3.595,00","3.520,00","1,70K",0.90%
21/01/2021,"3.551,00","3.500,00","3.560,00","3.500,00","1,49K",2.33%
20/01/2021,"3.470,00","3.518,00","3.518,00","3.435,00","0,78K",-1.03%
19/01/2021,"3.506,00","3.600,00","3.639,00","3.494,00","2,05K",-3.65%
18/01/2021,"3.639,00","3.640,00","3.659,00","3.553,00","1,08K",-4.61%
15/01/2021,"3.815,00","3.823,00","3.823,00","3.815,00","0,02K",2.22%
14/01/2021,"3.732,00","3.900,00","3.900,00","3.750,00","0,03K",-4.04%
13/01/2021,"3.889,00","3.930,00","3.930,00","3.900,00","0,05K",0.23%
12/1/2021,"3.880,00","3.938,00","3.953,00","3.900,00","0,07K",-2.27%
11/1/2021,"3.970,00","3.968,00","3.980,00","3.920,00","1,05K",-0.68%
8/1/2021,"3.997,00","3.960,00","3.972,00","3.959,00","0,01K",0.73%
7/1/2021,"3.968,00","4.003,00","4.016,00","3.970,00","0,44K",-1.78%
6/1/2021,"4.040,00","3.960,00","4.040,00","3.952,00","0,41K",1.87%
5/1/2021,"3.966,00","3.918,00","3.967,00","3.905,00","0,37K",0.41%
4/1/2021,"3.950,00","3.950,00","3.955,00","3.909,00","1,01K",1.52%
31/12/2020,"3.891,00","3.882,00","3.900,00","3.856,00","0,22K",0.34%
30/12/2020,"3.878,00","3.852,00","3.890,00","3.849,00","0,52K",1.12%
29/12/2020,"3.835,00","3.819,00","3.837,00","3.810,00","1,24K",0.03%
28/12/2020,"3.834,00","3.849,00","3.849,00","3.800,00","0,50K",-0.52%
24/12/2020,"3.854,00","3.813,00","3.877,00","3.813,00","0,93K",1.26%
23/12/2020,"3.806,00","3.640,00","3.808,00","3.640,00","1,48K",3.88%
22/12/2020,"3.664,00","3.661,00","3.680,00","3.613,00","0,91K",0.49%
21/12/2020,"3.646,00","3.656,00","3.672,00","3.645,00","1,44K",-0.46%
18/12/2020,"3.663,00","3.629,00","3.669,00","3.607,00","0,85K",1.61%
17/12/2020,"3.605,00","3.611,00","3.632,00","3.549,00","2,11K",0.42%
16/12/2020,"3.590,00","3.612,00","3.642,00","3.587,00","2,08K",-4.01%
15/12/2020,"3.740,00","3.750,00","3.750,00","3.750,00","0,00K",0.00%
14/12/2020,"3.740,00","3.660,00","3.750,00","3.660,00","0,02K",0.84%
11/12/2020,"3.709,00","3.704,00","3.722,00","3.698,00","0,06K",0.54%
10/12/2020,"3.689,00","3.637,00","3.710,00","3.637,00","0,17K",1.46%
9/12/2020,"3.636,00","3.630,00","3.650,00","3.628,00","0,41K",-0.41%
8/12/2020,"3.651,00","3.670,00","3.700,00","3.660,00","0,42K",0.00%
7/12/2020,"3.651,00","3.674,00","3.705,00","3.635,00","0,07K",0.16%
4/12/2020,"3.645,00","3.530,00","3.695,00","3.530,00","0,18K",4.02%
3/12/2020,"3.504,00","3.500,00","3.500,00","3.492,00","0,07K",0.72%
2/12/2020,"3.479,00","3.485,00","3.499,00","3.474,00","0,13K",-0.77%
1/12/2020,"3.506,00","3.438,00","3.520,00","3.435,00","0,32K",1.65%
30/11/2020,"3.449,00","3.468,00","3.485,00","3.420,00","0,53K",-1.60%
27/11/2020,"3.505,00","3.468,00","3.505,00","3.404,00","1,14K",2.49%
26/11/2020,"3.420,00","3.491,00","3.491,00","3.397,00","0,83K",-1.72%
25/11/2020,"3.480,00","3.475,00","3.488,00","3.440,00","0,78K",0.93%
24/11/2020,"3.448,00","3.464,00","3.497,00","3.438,00","0,84K",-1.99%
23/11/2020,"3.518,00","3.450,00","3.520,00","3.390,00","0,82K",1.00%
20/11/2020,"3.483,00","3.580,00","3.580,00","3.480,00","1,26K",-1.55%
19/11/2020,"3.538,00","3.595,00","3.627,00","3.520,00","1,39K",-0.76%
18/11/2020,"3.565,00","3.490,00","3.567,00","3.480,00","0,77K",2.27%
17/11/2020,"3.486,00","3.524,00","3.545,00","3.475,00","1,10K",-0.26%
16/11/2020,"3.495,00","3.487,00","3.523,00","3.487,00","1,78K",-1.52%
13/11/2020,"3.549,00","3.549,00","3.549,00","3.549,00","0,07K",0.00%
12/11/2020,"3.549,00","3.451,00","3.510,00","3.451,00","0,07K",1.57%
11/11/2020,"3.494,00","3.450,00","3.458,00","3.410,00","0,19K",1.45%
10/11/2020,"3.444,00","3.445,00","3.445,00","3.421,00","0,10K",0.12%
9/11/2020,"3.440,00","3.405,00","3.450,00","3.387,00","0,47K",1.03%
6/11/2020,"3.405,00","3.475,00","3.475,00","3.405,00","0,32K",-1.05%
5/11/2020,"3.441,00","3.398,00","3.441,00","3.396,00","0,30K",1.50%
4/11/2020,"3.390,00","3.360,00","3.415,00","3.360,00","0,83K",1.10%
3/11/2020,"3.353,00","3.300,00","3.359,00","3.300,00","0,83K",2.70%
2/11/2020,"3.265,00","3.181,00","3.266,00","3.181,00","0,71K",0.40%
30/10/2020,"3.252,00","3.305,00","3.345,00","3.227,00","0,55K",-0.21%
28/10/2020,"3.259,00","3.211,00","3.370,00","3.211,00","0,37K",0.68%
27/10/2020,"3.237,00","3.200,00","3.242,00","3.183,00","0,99K",0.40%
26/10/2020,"3.224,00","3.120,00","3.233,00","3.117,00","0,66K",5.22%
23/10/2020,"3.064,00","3.075,00","3.078,00","3.020,00","0,45K",0.13%
22/10/2020,"3.060,00","2.998,00","3.062,00","2.998,00","0,26K",1.73%
21/10/2020,"3.008,00","3.020,00","3.055,00","3.001,00","0,53K",0.94%
20/10/2020,"2.980,00","2.892,00","2.980,00","2.892,00","0,88K",3.19%
19/10/2020,"2.888,00","2.958,00","2.958,00","2.879,00","1,52K",-3.25%
16/10/2020,"2.985,00","2.964,00","3.000,00","2.960,00","0,51K",-2.10%
15/10/2020,"3.049,00","3.049,00","3.049,00","3.049,00","0,28K",0.00%
14/10/2020,"3.049,00","3.050,00","3.059,00","3.050,00","0,28K",-0.59%
13/10/2020,"3.067,00","3.067,00","3.067,00","3.067,00","0,05K",0.23%
12/10/2020,"3.060,00","3.060,00","3.060,00","3.060,00","0,05K",1.32%
9/10/2020,"3.020,00","3.010,00","3.028,00","3.000,00","0,12K",0.67%
8/10/2020,"3.000,00","2.980,00","3.008,00","2.980,00","0,05K",0.33%
7/10/2020,"2.990,00","2.948,00","2.990,00","2.948,00","0,10K",1.46%
6/10/2020,"2.947,00","2.900,00","2.913,00","2.895,00","0,18K",3.51%
5/10/2020,"2.847,00","2.850,00","2.850,00","2.823,00","0,16K",0.04%
2/10/2020,"2.846,00","2.850,00","2.880,00","2.838,00","0,25K",-2.53%
1/10/2020,"2.920,00","2.890,00","2.950,00","2.880,00","0,50K",2.85%
30/09/2020,"2.839,00","2.850,00","2.876,00","2.829,00","0,31K",-2.31%
29/09/2020,"2.906,00","2.935,00","2.964,00","2.897,00","0,72K",-1.49%
28/09/2020,"2.950,00","2.946,00","2.965,00","2.890,00","1,07K",0.68%
25/09/2020,"2.930,00","2.855,00","2.941,00","2.850,00","1,44K",3.17%
24/09/2020,"2.840,00","2.875,00","2.890,00","2.830,00","1,37K",-2.54%
23/09/2020,"2.914,00","2.933,00","2.965,00","2.914,00","1,60K",-2.67%
22/09/2020,"2.994,00","3.008,00","3.008,00","2.936,00","0,81K",-1.51%
21/09/2020,"3.040,00","3.108,00","3.121,00","3.040,00","0,62K",-2.00%
18/09/2020,"3.102,00","3.044,00","3.103,00","3.044,00","1,42K",3.23%
17/09/2020,"3.005,00","3.016,00","3.045,00","3.002,00","1,00K",2.56%
15/09/2020,"2.930,00","2.930,00","2.930,00","2.930,00","0,00K",-0.41%
14/09/2020,"2.942,00","2.888,00","2.913,00","2.888,00","0,06K",2.15%
11/9/2020,"2.880,00","2.875,00","2.880,00","2.874,00","0,07K",-0.59%
10/9/2020,"2.897,00","2.897,00","2.897,00","2.897,00","0,00K",-0.10%
9/9/2020,"2.900,00","2.882,00","2.920,00","2.882,00","0,07K",-1.63%
8/9/2020,"2.948,00","2.900,00","2.940,00","2.900,00","0,06K",1.66%
7/9/2020,"2.900,00","2.930,00","2.935,00","2.900,00","0,04K",-1.09%
4/9/2020,"2.932,00","2.920,00","2.965,00","2.900,00","0,14K",-1.61%
3/9/2020,"2.980,00","2.958,00","2.995,00","2.954,00","0,40K",1.98%
2/9/2020,"2.922,00","2.862,00","2.940,00","2.862,00","0,52K",1.07%
1/9/2020,"2.891,00","2.898,00","2.921,00","2.888,00","0,23K",1.62%
28/08/2020,"2.845,00","2.830,00","2.861,00","2.830,00","0,83K",2.19%
27/08/2020,"2.784,00","2.755,00","2.796,00","2.754,00","0,86K",1.61%
26/08/2020,"2.740,00","2.721,00","2.740,00","2.720,00","0,44K",0.70%
25/08/2020,"2.721,00","2.800,00","2.803,00","2.705,00","1,26K",-1.77%
24/08/2020,"2.770,00","2.790,00","2.803,00","2.750,00","1,08K",-1.00%
21/08/2020,"2.798,00","2.800,00","2.810,00","2.775,00","1,27K",-1.17%
19/08/2020,"2.831,00","2.819,00","2.852,00","2.819,00","0,73K",0.64%
18/08/2020,"2.813,00","2.749,00","2.821,00","2.735,00","0,86K",1.41%
17/08/2020,"2.774,00","2.800,00","2.800,00","2.773,00","1,06K",-1.03%
14/08/2020,"2.803,00","2.803,00","2.803,00","2.803,00","0,00K",-2.67%
13/08/2020,"2.880,00","2.950,00","2.950,00","2.875,00","0,55K",0.00%
12/8/2020,"2.880,00","2.799,00","2.884,00","2.799,00","0,14K",2.13%
11/8/2020,"2.820,00","2.860,00","2.860,00","2.820,00","0,39K",-1.67%
10/8/2020,"2.868,00","2.850,00","2.868,00","2.850,00","0,16K",-0.59%
7/8/2020,"2.885,00","2.883,00","2.890,00","2.860,00","0,21K",-0.35%
6/8/2020,"2.895,00","2.849,00","2.895,00","2.849,00","0,14K",1.76%
5/8/2020,"2.845,00","2.891,00","2.891,00","2.850,00","0,10K",-1.63%
4/8/2020,"2.892,00","2.866,00","2.909,00","2.866,00","0,23K",1.47%
3/8/2020,"2.850,00","2.880,00","2.880,00","2.840,00","0,60K",2.52%
30/07/2020,"2.780,00","2.740,00","2.783,00","2.740,00","0,15K",1.53%
29/07/2020,"2.738,00","2.716,00","2.731,00","2.705,00","0,17K",1.71%
28/07/2020,"2.692,00","2.770,00","2.770,00","2.654,00","0,42K",-3.30%
27/07/2020,"2.784,00","2.866,00","2.881,00","2.784,00","0,50K",-3.67%
24/07/2020,"2.890,00","2.828,00","2.900,00","2.826,00","1,23K",3.25%
23/07/2020,"2.799,00","2.750,00","2.800,00","2.735,00","0,71K",1.97%
22/07/2020,"2.745,00","2.770,00","2.789,00","2.739,00","0,63K",0.44%
21/07/2020,"2.733,00","2.729,00","2.770,00","2.706,00","0,27K",-0.76%
20/07/2020,"2.754,00","2.732,00","2.756,00","2.730,00","0,92K",2.04%
17/07/2020,"2.699,00","2.656,00","2.702,00","2.647,00","0,68K",3.61%
16/07/2020,"2.605,00","2.632,00","2.655,00","2.604,00","1,27K",2.56%
15/07/2020,"2.540,00","2.540,00","2.540,00","2.540,00","0,03K",0.00%
14/07/2020,"2.540,00","2.475,00","2.520,00","2.475,00","0,03K",2.30%
13/07/2020,"2.483,00","2.483,00","2.483,00","2.483,00","0,07K",0.65%
10/7/2020,"2.467,00","2.413,00","2.480,00","2.413,00","0,07K",0.49%
9/7/2020,"2.455,00","2.465,00","2.478,00","2.455,00","0,18K",-0.77%
8/7/2020,"2.474,00","2.436,00","2.470,00","2.436,00","0,08K",2.10%
7/7/2020,"2.423,00","2.420,00","2.427,00","2.410,00","0,04K",-0.90%
6/7/2020,"2.445,00","2.435,00","2.458,00","2.433,00","0,15K",0.99%
3/7/2020,"2.421,00","2.441,00","2.441,00","2.405,00","0,17K",-0.08%
2/7/2020,"2.423,00","2.410,00","2.424,00","2.410,00","0,28K",1.17%
1/7/2020,"2.395,00","2.400,00","2.415,00","2.390,00","0,23K",0.67%
30/06/2020,"2.379,00","2.440,00","2.440,00","2.379,00","0,29K",-2.02%
29/06/2020,"2.428,00","2.411,00","2.430,00","2.396,00","0,20K",-1.82%
26/06/2020,"2.473,00","2.530,00","2.530,00","2.458,00","0,67K",-1.55%
25/06/2020,"2.512,00","2.525,00","2.530,00","2.499,00","0,39K",-1.18%
24/06/2020,"2.542,00","2.530,00","2.551,00","2.530,00","0,19K",0.00%
23/06/2020,"2.542,00","2.535,00","2.545,00","2.518,00","0,51K",0.87%
22/06/2020,"2.520,00","2.508,00","2.540,00","2.505,00","0,38K",-0.71%
19/06/2020,"2.538,00","2.490,00","2.538,00","2.488,00","0,90K",3.42%
18/06/2020,"2.454,00","2.440,00","2.455,00","2.428,00","0,50K",0.29%
17/06/2020,"2.447,00","2.440,00","2.469,00","2.430,00","0,78K",-0.33%
16/06/2020,"2.455,00","2.451,00","2.460,00","2.406,00","1,65K",1.36%
15/06/2020,"2.422,00","2.420,00","2.422,00","2.420,00","0,46K",-0.45%
12/6/2020,"2.433,00","2.430,00","2.430,00","2.430,00","0,01K",1.25%
11/6/2020,"2.403,00","2.425,00","2.425,00","2.425,00","0,01K",0.97%
10/6/2020,"2.380,00","2.410,00","2.420,00","2.382,00","0,05K",-1.45%
9/6/2020,"2.415,00","2.446,00","2.450,00","2.400,00","0,27K",0.42%
5/6/2020,"2.405,00","2.410,00","2.440,00","2.395,00","0,24K",-2.79%
3/6/2020,"2.474,00","2.435,00","2.470,00","2.432,00","0,40K",0.57%
2/6/2020,"2.460,00","2.386,00","2.460,00","2.386,00","0,45K",3.02%
1/6/2020,"2.388,00","2.377,00","2.422,00","2.377,00","0,34K",0.63%
29/05/2020,"2.373,00","2.336,00","2.373,00","2.336,00","0,24K",1.67%
28/05/2020,"2.334,00","2.343,00","2.371,00","2.320,00","0,38K",-0.47%
27/05/2020,"2.345,00","2.280,00","2.359,00","2.280,00","0,33K",4.69%
22/05/2020,"2.240,00","2.240,00","2.247,00","2.222,00","0,40K",-1.58%
21/05/2020,"2.276,00","2.232,00","2.276,00","2.211,00","0,69K",2.61%
20/05/2020,"2.218,00","2.212,00","2.221,00","2.188,00","0,73K",-0.54%
19/05/2020,"2.230,00","2.207,00","2.235,00","2.186,00","0,77K",2.01%
18/05/2020,"2.186,00","2.149,00","2.196,00","2.149,00","0,97K",3.86%
15/05/2020,"2.115,00","2.100,00","2.115,00","2.098,00","0,07K",1.63%
14/05/2020,"2.081,00","2.045,00","2.130,00","2.040,00","0,20K",0.53%
13/05/2020,"2.070,00","2.060,00","2.060,00","2.060,00","0,01K",1.67%
12/5/2020,"2.036,00","2.060,00","2.060,00","2.020,00","0,25K",-1.17%
8/5/2020,"2.060,00","2.028,00","2.055,00","2.028,00","0,07K",3.00%
6/5/2020,"2.000,00","2.014,00","2.020,00","2.000,00","0,26K",-1.86%
5/5/2020,"2.038,00","2.030,00","2.040,00","2.020,00","0,13K",0.15%
4/5/2020,"2.035,00","2.060,00","2.060,00","2.035,00","0,66K",-3.19%
30/04/2020,"2.102,00","2.101,00","2.114,00","2.090,00","0,16K",2.04%
29/04/2020,"2.060,00","2.060,00","2.075,00","2.060,00","0,59K",0.44%
28/04/2020,"2.051,00","2.025,00","2.059,00","2.018,00","0,09K",0.05%
27/04/2020,"2.050,00","2.075,00","2.075,00","2.038,00","0,25K",-3.35%
24/04/2020,"2.121,00","2.129,00","2.130,00","2.097,00","0,23K",-1.90%
23/04/2020,"2.162,00","2.108,00","2.140,00","2.100,00","0,42K",1.98%
22/04/2020,"2.120,00","2.128,00","2.138,00","2.075,00","0,42K",0.33%
21/04/2020,"2.113,00","2.230,00","2.230,00","2.065,00","0,47K",-7.73%
20/04/2020,"2.290,00","2.286,00","2.320,00","2.285,00","0,34K",0.22%
17/04/2020,"2.285,00","2.245,00","2.300,00","2.245,00","0,11K",1.60%
16/04/2020,"2.249,00","2.305,00","2.305,00","2.249,00","0,70K",-2.72%
15/04/2020,"2.312,00","2.312,00","2.312,00","2.312,00","0,01K",0.00%
14/04/2020,"2.312,00","2.312,00","2.312,00","2.312,00","0,01K",0.43%
13/04/2020,"2.302,00","2.340,00","2.340,00","2.340,00","0,01K",-3.64%
10/4/2020,"2.389,00","2.428,00","2.428,00","2.428,00","0,01K",0.25%
9/4/2020,"2.383,00","2.430,00","2.430,00","2.400,00","0,02K",-2.06%
8/4/2020,"2.433,00","2.420,00","2.420,00","2.400,00","0,01K",1.67%
7/4/2020,"2.393,00","2.335,00","2.341,00","2.335,00","0,06K",2.57%
6/4/2020,"2.333,00","2.333,00","2.333,00","2.333,00","0,03K",0.56%
3/4/2020,"2.320,00","2.365,00","2.365,00","2.335,00","0,08K",-3.25%
2/4/2020,"2.398,00","2.421,00","2.490,00","2.400,00","0,15K",-3.81%
1/4/2020,"2.493,00","2.520,00","2.520,00","2.438,00","0,17K",-2.24%
31/03/2020,"2.550,00","2.530,00","2.530,00","2.475,00","0,43K",-1.58%
30/03/2020,"2.591,00","2.589,00","2.591,00","2.580,00","0,07K",4.18%
27/03/2020,"2.487,00","2.456,00","2.488,00","2.456,00","0,24K",2.77%
26/03/2020,"2.420,00","2.406,00","2.420,00","2.406,00","0,07K",-2.54%
25/03/2020,"2.483,00","2.410,00","2.487,00","2.402,00","0,15K",3.42%
24/03/2020,"2.401,00","2.365,00","2.420,00","2.347,00","0,66K",2.26%
23/03/2020,"2.348,00","2.296,00","2.360,00","2.295,00","0,39K",0.43%
20/03/2020,"2.338,00","2.305,00","2.345,00","2.279,00","0,70K",2.95%
19/03/2020,"2.271,00","2.261,00","2.327,00","2.241,00","0,52K",-2.15%
18/03/2020,"2.321,00","2.441,00","2.507,00","2.300,00","2,44K",-0.17%
17/03/2020,"2.325,00","2.259,00","2.415,00","2.259,00","1,08K",2.15%
16/03/2020,"2.276,00","2.307,00","2.327,00","2.270,00","1,01K",-1.13%
13/03/2020,"2.302,00","2.302,00","2.302,00","2.302,00","0,53K",0.00%
12/3/2020,"2.302,00","2.320,00","2.420,00","2.320,00","0,53K",-2.87%
11/3/2020,"2.370,00","2.340,00","2.340,00","2.338,00","0,00K",1.33%
10/3/2020,"2.339,00","2.380,00","2.380,00","2.325,00","0,29K",0.13%
9/3/2020,"2.336,00","2.328,00","2.344,00","2.328,00","0,05K",-4.58%
6/3/2020,"2.448,00","2.500,00","2.530,00","2.448,00","0,03K",-3.32%
5/3/2020,"2.532,00","2.530,00","2.566,00","2.480,00","0,02K",1.24%
4/3/2020,"2.501,00","2.388,00","2.502,00","2.388,00","0,16K",3.99%
3/3/2020,"2.405,00","2.350,00","2.377,00","2.350,00","0,17K",1.99%
2/3/2020,"2.358,00","2.415,00","2.415,00","2.350,00","0,17K",0.04%
28/02/2020,"2.357,00","2.450,00","2.450,00","2.350,00","0,14K",-5.61%
27/02/2020,"2.497,00","2.467,00","2.497,00","2.467,00","0,05K",1.50%
26/02/2020,"2.460,00","2.495,00","2.495,00","2.435,00","0,02K",-0.81%
25/02/2020,"2.480,00","2.560,00","2.573,00","2.480,00","0,44K",-4.47%
24/02/2020,"2.596,00","2.666,00","2.669,00","2.590,00","1,13K",-3.24%
21/02/2020,"2.683,00","2.680,00","2.684,00","2.660,00","0,46K",0.52%
20/02/2020,"2.669,00","2.664,00","2.669,00","2.598,00","0,97K",0.91%
19/02/2020,"2.645,00","2.712,00","2.721,00","2.644,00","0,85K",-3.11%
18/02/2020,"2.730,00","2.725,00","2.730,00","2.699,00","1,01K",0.18%
17/02/2020,"2.725,00","2.710,00","2.735,00","2.699,00","0,25K",2.44%
14/02/2020,"2.660,00","2.700,00","2.700,00","2.655,00","0,03K",-0.19%
13/02/2020,"2.665,00","2.680,00","2.680,00","2.655,00","0,03K",-2.60%
12/2/2020,"2.736,00","2.700,00","2.720,00","2.695,00","0,09K",-0.15%
11/2/2020,"2.740,00","2.824,00","2.824,00","2.760,00","0,00K",-2.14%
10/2/2020,"2.800,00","2.800,00","2.800,00","2.800,00","0,01K",-2.51%
7/2/2020,"2.872,00","2.903,00","2.903,00","2.903,00","0,00K",-0.90%
6/2/2020,"2.898,00","2.922,00","2.940,00","2.860,00","0,20K",1.58%
5/2/2020,"2.853,00","2.780,00","2.850,00","2.780,00","0,14K",5.01%
4/2/2020,"2.717,00","2.709,00","2.750,00","2.691,00","0,16K",1.76%
3/2/2020,"2.670,00","2.647,00","2.685,00","2.647,00","0,06K",1.14%
31/01/2020,"2.640,00","2.640,00","2.661,00","2.629,00","0,24K",-1.64%
30/01/2020,"2.684,00","2.730,00","2.730,00","2.654,00","0,33K",-3.42%
29/01/2020,"2.779,00","2.794,00","2.794,00","2.794,00","0,13K",5.27%
28/01/2020,"2.640,00","2.780,00","2.784,00","2.649,00","0,39K",-9.74%
24/01/2020,"2.925,00","2.979,00","2.979,00","2.931,00","0,03K",-2.01%
23/01/2020,"2.985,00","3.025,00","3.030,00","2.973,00","1,39K",-1.74%
22/01/2020,"3.038,00","2.950,00","3.041,00","2.942,00","1,47K",2.64%
21/01/2020,"2.960,00","2.966,00","2.970,00","2.910,00","1,05K",-0.44%
20/01/2020,"2.973,00","2.939,00","2.982,00","2.939,00","1,06K",1.75%
17/01/2020,"2.922,00","2.978,00","2.983,00","2.908,00","0,91K",-1.55%
16/01/2020,"2.968,00","2.959,00","2.994,00","2.955,00","0,86K",-2.05%
15/01/2020,"3.030,00","3.030,00","3.030,00","3.030,00","0,00K",0.00%
14/01/2020,"3.030,00","3.030,00","3.030,00","3.030,00","0,00K",-2.01%
13/01/2020,"3.092,00","3.092,00","3.092,00","3.092,00","0,04K",-1.25%
10/1/2020,"3.131,00","3.035,00","3.132,00","3.035,00","0,04K",0.74%
9/1/2020,"3.108,00","3.088,00","3.120,00","3.088,00","0,10K",2.30%
8/1/2020,"3.038,00","3.043,00","3.044,00","3.043,00","0,02K",0.00%
7/1/2020,"3.038,00","3.061,00","3.090,00","3.040,00","0,07K",0.07%
6/1/2020,"3.036,00","3.060,00","3.060,00","3.060,00","0,02K",-2.38%
3/1/2020,"3.110,00","3.129,00","3.129,00","3.100,00","0,06K",-0.48%
2/1/2020,"3.125,00","3.060,00","3.125,00","3.046,00","0,07K",2.76%
31/12/2019,"3.041,00","3.113,00","3.118,00","3.037,00","0,12K",-1.81%
30/12/2019,"3.097,00","3.015,00","3.100,00","3.010,00","0,36K",2.04%
27/12/2019,"3.035,00","3.010,00","3.058,00","3.006,00","0,26K",2.22%
26/12/2019,"2.969,00","2.910,00","2.970,00","2.910,00","0,20K",2.38%
24/12/2019,"2.900,00","2.901,00","2.907,00","2.890,00","0,50K",-0.03%
23/12/2019,"2.901,00","2.907,00","2.907,00","2.893,00","0,15K",0.14%
20/12/2019,"2.897,00","2.895,00","2.901,00","2.894,00","0,18K",1.54%
19/12/2019,"2.853,00","2.810,00","2.853,00","2.789,00","0,24K",0.63%
18/12/2019,"2.835,00","2.844,00","2.846,00","2.776,00","1,79K",-0.49%
17/12/2019,"2.849,00","2.885,00","2.885,00","2.844,00","0,96K",-0.07%
16/12/2019,"2.851,00","2.835,00","2.861,00","2.835,00","0,77K",1.24%
13/12/2019,"2.816,00","2.816,00","2.816,00","2.816,00","0,17K",0.00%
12/12/2019,"2.816,00","2.833,00","2.833,00","2.775,00","0,17K",0.50%
11/12/2019,"2.802,00","2.802,00","2.802,00","2.802,00","0,01K",-0.64%
10/12/2019,"2.820,00","2.825,00","2.850,00","2.820,00","0,05K",0.64%
9/12/2019,"2.802,00","2.802,00","2.802,00","2.802,00","0,04K",1.63%
6/12/2019,"2.757,00","2.757,00","2.757,00","2.757,00","0,01K",1.55%
5/12/2019,"2.715,00","2.735,00","2.735,00","2.732,00","0,01K",1.57%
4/12/2019,"2.673,00","2.662,00","2.700,00","2.662,00","0,09K",1.02%
3/12/2019,"2.646,00","2.646,00","2.646,00","2.646,00","0,08K",0.61%
2/12/2019,"2.630,00","2.590,00","2.647,00","2.590,00","0,08K",0.38%
29/11/2019,"2.620,00","2.650,00","2.687,00","2.620,00","0,20K",-0.64%
28/11/2019,"2.637,00","2.598,00","2.631,00","2.570,00","0,18K",1.42%
27/11/2019,"2.600,00","2.566,00","2.600,00","2.544,00","0,40K",0.78%
26/11/2019,"2.580,00","2.599,00","2.599,00","2.550,00","0,13K",-2.64%
25/11/2019,"2.650,00","2.645,00","2.663,00","2.645,00","0,14K",0.30%
22/11/2019,"2.642,00","2.558,00","2.645,00","2.558,00","0,15K",2.72%
21/11/2019,"2.572,00","2.585,00","2.599,00","2.557,00","0,30K",-0.62%
20/11/2019,"2.588,00","2.553,00","2.599,00","2.553,00","0,29K",2.74%
19/11/2019,"2.519,00","2.501,00","2.524,00","2.499,00","0,54K",1.00%
18/11/2019,"2.494,00","2.503,00","2.537,00","2.477,00","0,66K",-2.58%
15/11/2019,"2.560,00","2.560,00","2.560,00","2.560,00","0,66K",0.00%
14/11/2019,"2.560,00","2.560,00","2.560,00","2.560,00","0,04K",1.03%
13/11/2019,"2.534,00","2.534,00","2.534,00","2.534,00","0,04K",-0.82%
12/11/2019,"2.555,00","2.555,00","2.555,00","2.555,00","0,04K",-0.97%
11/11/2019,"2.580,00","2.550,00","2.550,00","2.550,00","0,04K",2.14%
8/11/2019,"2.526,00","2.526,00","2.526,00","2.526,00","0,00K",1.85%
7/11/2019,"2.480,00","2.561,00","2.561,00","2.489,00","0,00K",-0.48%
6/11/2019,"2.492,00","2.450,00","2.500,00","2.450,00","0,02K",1.55%
5/11/2019,"2.454,00","2.500,00","2.500,00","2.444,00","0,05K",-0.65%
4/11/2019,"2.470,00","2.420,00","2.456,00","2.420,00","0,05K",1.98%
1/11/2019,"2.422,00","2.400,00","2.410,00","2.381,00","0,03K",-0.90%
31/10/2019,"2.444,00","2.381,00","2.444,00","2.381,00","0,04K",1.41%
30/10/2019,"2.410,00","2.373,00","2.410,00","2.368,00","0,25K",2.99%
29/10/2019,"2.340,00","2.342,00","2.355,00","2.324,00","0,30K",1.34%
25/10/2019,"2.309,00","2.305,00","2.340,00","2.284,00","0,25K",0.96%
24/10/2019,"2.287,00","2.250,00","2.287,00","2.249,00","0,39K",2.14%
23/10/2019,"2.239,00","2.260,00","2.272,00","2.235,00","0,73K",0.13%
22/10/2019,"2.236,00","2.202,00","2.236,00","2.184,00","0,59K",0.95%
21/10/2019,"2.215,00","2.213,00","2.228,00","2.207,00","0,39K",0.32%
18/10/2019,"2.208,00","2.186,00","2.209,00","2.184,00","1,19K",0.73%
17/10/2019,"2.192,00","2.195,00","2.210,00","2.186,00","0,73K",0.14%
16/10/2019,"2.189,00","2.170,00","2.192,00","2.170,00","1,28K",4.84%
15/10/2019,"2.088,00","2.088,00","2.088,00","2.088,00","0,00K",0.00%
14/10/2019,"2.088,00","2.073,00","2.073,00","2.073,00","0,00K",-1.42%
11/10/2019,"2.118,00","2.150,00","2.156,00","2.125,00","0,01K",-0.80%
10/10/2019,"2.135,00","2.135,00","2.135,00","2.135,00","0,09K",-0.23%
9/10/2019,"2.140,00","2.140,00","2.150,00","2.121,00","0,09K",1.04%
8/10/2019,"2.118,00","2.113,00","2.120,00","2.113,00","0,04K",0.67%
7/10/2019,"2.104,00","2.104,00","2.105,00","2.103,00","0,04K",0.38%
4/10/2019,"2.096,00","2.096,00","2.096,00","2.096,00","0,12K",0.48%
3/10/2019,"2.086,00","2.086,00","2.107,00","2.086,00","0,12K",0.05%
2/10/2019,"2.085,00","2.085,00","2.085,00","2.085,00","0,02K",-1.09%
1/10/2019,"2.108,00","2.112,00","2.117,00","2.106,00","0,11K",1.44%
30/09/2019,"2.078,00","2.074,00","2.084,00","2.067,00","0,14K",-0.57%
27/09/2019,"2.090,00","2.096,00","2.096,00","2.087,00","0,08K",-0.81%
26/09/2019,"2.107,00","2.074,00","2.111,00","2.074,00","0,11K",1.10%
25/09/2019,"2.084,00","2.087,00","2.087,00","2.075,00","0,08K",0.24%
24/09/2019,"2.079,00","2.107,00","2.112,00","2.074,00","1,15K",-2.12%
23/09/2019,"2.124,00","2.148,00","2.148,00","2.120,00","0,18K",-1.71%
20/09/2019,"2.161,00","2.173,00","2.173,00","2.158,00","0,43K",-0.92%
19/09/2019,"2.181,00","2.223,00","2.223,00","2.179,00","0,23K",-0.82%
18/09/2019,"2.199,00","2.194,00","2.204,00","2.181,00","1,04K",-0.63%
17/09/2019,"2.213,00","2.223,00","2.230,00","2.212,00","0,70K",5.13%
13/09/2019,"2.105,00","2.105,00","2.105,00","2.105,00","0,01K",0.00%
12/9/2019,"2.105,00","2.120,00","2.145,00","2.120,00","0,01K",-0.43%
11/9/2019,"2.114,00","2.120,00","2.120,00","2.110,00","0,11K",-0.89%
10/9/2019,"2.133,00","2.130,00","2.130,00","2.120,00","0,08K",0.80%
6/9/2019,"2.116,00","2.117,00","2.117,00","2.117,00","0,02K",1.24%
5/9/2019,"2.090,00","2.080,00","2.090,00","2.070,00","0,13K",-0.48%
4/9/2019,"2.100,00","2.100,00","2.100,00","2.100,00","0,01K",-0.28%
3/9/2019,"2.106,00","2.145,00","2.155,00","2.098,00","0,57K",-2.86%
30/08/2019,"2.168,00","2.143,00","2.151,00","2.115,00","0,32K",0.60%
29/08/2019,"2.155,00","2.165,00","2.165,00","2.140,00","0,12K",-2.05%
28/08/2019,"2.200,00","2.201,00","2.201,00","2.196,00","0,03K",0.73%
27/08/2019,"2.184,00","2.190,00","2.190,00","2.190,00","0,02K",-1.31%
26/08/2019,"2.213,00","2.250,00","2.253,00","2.220,00","0,65K",0.14%
23/08/2019,"2.210,00","2.190,00","2.212,00","2.190,00","0,31K",0.41%
22/08/2019,"2.201,00","2.170,00","2.212,00","2.170,00","0,48K",1.76%
21/08/2019,"2.163,00","2.121,00","2.161,00","2.112,00","0,90K",1.60%
20/08/2019,"2.129,00","2.109,00","2.142,00","2.102,00","0,39K",1.14%
19/08/2019,"2.105,00","2.136,00","2.136,00","2.103,00","0,30K",-1.77%
16/08/2019,"2.143,00","2.163,00","2.165,00","2.130,00","0,91K",-1.34%
15/08/2019,"2.172,00","2.172,00","2.172,00","2.172,00","0,04K",-0.09%
14/08/2019,"2.174,00","2.160,00","2.180,00","2.160,00","0,04K",0.09%
13/08/2019,"2.172,00","2.152,00","2.164,00","2.152,00","0,05K",1.45%
9/8/2019,"2.141,00","2.140,00","2.142,00","2.140,00","0,02K",3.28%
8/8/2019,"2.073,00","2.045,00","2.045,00","2.045,00","0,00K",1.62%
7/8/2019,"2.040,00","2.029,00","2.040,00","2.029,00","0,01K",0.15%
6/8/2019,"2.037,00","2.023,00","2.031,00","2.023,00","0,02K",0.49%
5/8/2019,"2.027,00","2.024,00","2.026,00","2.024,00","0,02K",0.70%
2/8/2019,"2.013,00","2.013,00","2.013,00","2.013,00","0,01K",-0.10%
1/8/2019,"2.015,00","2.000,00","2.010,00","2.000,00","0,03K",-0.20%
31/07/2019,"2.019,00","2.008,00","2.019,00","2.000,00","0,06K",0.55%
29/07/2019,"2.008,00","1.990,00","2.015,00","1.990,00","0,29K",0.60%
26/07/2019,"1.996,00","1.970,00","2.000,00","1.970,00","0,36K",0.55%
25/07/2019,"1.985,00","1.960,00","1.988,00","1.935,00","0,98K",1.95%
24/07/2019,"1.947,00","1.942,00","1.955,00","1.940,00","0,78K",0.78%
23/07/2019,"1.932,00","1.917,00","1.934,00","1.911,00","0,21K",0.63%
22/07/2019,"1.920,00","1.914,00","1.921,00","1.905,00","0,44K",0.79%
19/07/2019,"1.905,00","1.910,00","1.913,00","1.899,00","0,07K",-0.57%
18/07/2019,"1.916,00","1.909,00","1.918,00","1.906,00","0,14K",-0.31%
17/07/2019,"1.922,00","1.905,00","1.924,00","1.896,00","0,28K",0.21%
16/07/2019,"1.918,00","1.911,00","1.922,00","1.911,00","0,35K",0.95%
15/07/2019,"1.900,00","1.900,00","1.900,00","1.900,00","0,00K",0.00%
12/7/2019,"1.900,00","1.900,00","1.900,00","1.900,00","0,00K",0.64%
11/7/2019,"1.888,00","1.888,00","1.888,00","1.888,00","0,00K",0.21%
10/7/2019,"1.884,00","1.870,00","1.870,00","1.870,00","0,00K",-0.32%
9/7/2019,"1.890,00","1.884,00","1.912,00","1.884,00","0,03K",-0.05%
8/7/2019,"1.891,00","1.893,00","1.972,00","1.893,00","0,02K",-0.94%
5/7/2019,"1.909,00","1.904,00","1.907,00","1.900,00","0,03K",1.01%
4/7/2019,"1.890,00","1.893,00","1.915,00","1.891,00","0,04K",-0.21%
3/7/2019,"1.894,00","1.901,00","1.915,00","1.894,00","0,10K",-0.53%
2/7/2019,"1.904,00","1.890,00","1.920,00","1.890,00","0,03K",0.74%
1/7/2019,"1.890,00","1.886,00","1.886,00","1.885,00","0,01K",1.34%
28/06/2019,"1.865,00","1.874,00","1.882,00","1.860,00","0,20K",-0.80%
27/06/2019,"1.880,00","1.892,00","1.930,00","1.845,00","0,22K",-1.88%
26/06/2019,"1.916,00","1.924,00","1.924,00","1.899,00","0,16K",-1.64%
25/06/2019,"1.948,00","1.967,00","1.972,00","1.935,00","0,16K",-0.97%
24/06/2019,"1.967,00","1.982,00","1.982,00","1.966,00","0,11K",-1.55%
21/06/2019,"1.998,00","2.007,00","2.014,00","1.998,00","0,61K",-0.30%
20/06/2019,"2.004,00","2.007,00","2.012,00","2.000,00","0,29K",-1.09%
19/06/2019,"2.026,00","2.016,00","2.035,00","1.998,00","0,73K",1.05%
18/06/2019,"2.005,00","2.019,00","2.039,00","1.996,00","0,98K",-0.89%
17/06/2019,"2.023,00","1.995,00","2.026,00","1.993,00","1,19K",1.15%
14/06/2019,"2.000,00","2.020,00","2.020,00","2.000,00","0,00K",0.55%
13/06/2019,"1.989,00","1.980,00","1.980,00","1.928,00","0,04K",1.95%
12/6/2019,"1.951,00","1.951,00","1.951,00","1.951,00","0,04K",-1.76%
11/6/2019,"1.986,00","1.975,00","1.990,00","1.975,00","0,01K",0.76%
10/6/2019,"1.971,00","1.971,00","1.971,00","1.971,00","0,16K",-1.60%
7/6/2019,"2.003,00","2.025,00","2.025,00","2.000,00","0,16K",-1.33%
4/6/2019,"2.030,00","2.030,00","2.030,00","2.030,00","0,01K",1.81%
3/6/2019,"1.994,00","2.013,00","2.030,00","2.003,00","0,37K",-1.77%
31/05/2019,"2.030,00","2.013,00","2.033,00","2.012,00","0,25K",0.50%
30/05/2019,"2.020,00","2.010,00","2.021,00","2.010,00","0,10K",-1.17%
29/05/2019,"2.044,00","2.040,00","2.047,00","2.036,00","0,46K",1.29%
28/05/2019,"2.018,00","1.995,00","2.020,00","1.995,00","0,39K",1.56%
27/05/2019,"1.987,00","2.000,00","2.004,00","1.979,00","0,72K",0.56%
24/05/2019,"1.976,00","1.965,00","1.980,00","1.960,00","0,45K",0.10%
23/05/2019,"1.974,00","1.990,00","1.990,00","1.974,00","0,24K",-1.69%
21/05/2019,"2.008,00","2.057,00","2.060,00","2.016,00","0,48K",-1.69%
17/05/2019,"2.049,00","2.071,00","2.072,00","2.040,00","1,25K",-0.58%
16/05/2019,"2.061,00","2.015,00","2.061,00","2.015,00","1,32K",5.31%
15/05/2019,"1.957,00","1.957,00","1.957,00","1.957,00","0,11K",0.00%
14/05/2019,"1.957,00","1.960,00","1.965,00","1.945,00","0,11K",1.56%
13/05/2019,"1.927,00","1.927,00","1.927,00","1.927,00","0,08K",0.36%
10/5/2019,"1.920,00","1.946,00","1.950,00","1.943,00","0,08K",0.52%
9/5/2019,"1.910,00","1.900,00","1.922,00","1.900,00","0,01K",-0.62%
8/5/2019,"1.922,00","1.922,00","1.922,00","1.922,00","0,03K",-0.47%
7/5/2019,"1.931,00","1.956,00","1.961,00","1.956,00","0,03K",2.88%
6/5/2019,"1.877,00","1.877,00","1.877,00","1.877,00","0,12K",-1.21%
3/5/2019,"1.900,00","1.900,00","1.900,00","1.900,00","0,12K",-0.99%
2/5/2019,"1.919,00","1.935,00","1.979,00","1.923,00","0,12K",-3.18%
30/04/2019,"1.982,00","2.000,00","2.005,00","1.985,00","0,35K",-0.75%
29/04/2019,"1.997,00","2.008,00","2.013,00","1.997,00","0,78K",-0.79%
26/04/2019,"2.013,00","2.015,00","2.024,00","2.011,00","0,16K",-1.80%
25/04/2019,"2.050,00","2.070,00","2.078,00","2.050,00","0,23K",-1.39%
24/04/2019,"2.079,00","2.080,00","2.080,00","2.044,00","0,24K",0.00%
23/04/2019,"2.079,00","2.070,00","2.080,00","2.066,00","0,18K",-0.53%
22/04/2019,"2.090,00","2.113,00","2.117,00","2.089,00","0,28K",-0.85%
19/04/2019,"2.108,00","2.130,00","2.130,00","2.106,00","0,37K",0.05%
18/04/2019,"2.107,00","2.118,00","2.122,00","2.096,00","0,37K",-1.08%
17/04/2019,"2.130,00","2.124,00","2.144,00","2.119,00","0,73K",1.19%
16/04/2019,"2.105,00","2.081,00","2.108,00","2.066,00","0,65K",0.24%
15/04/2019,"2.100,00","2.100,00","2.100,00","2.100,00","0,04K",3.04%
12/4/2019,"2.038,00","2.090,00","2.090,00","2.090,00","0,01K",-0.10%
11/4/2019,"2.040,00","2.040,00","2.040,00","2.040,00","0,05K",-0.78%
10/4/2019,"2.056,00","2.120,00","2.120,00","2.090,00","0,05K",-3.02%
9/4/2019,"2.120,00","2.160,00","2.162,00","2.160,00","0,05K",0.43%
8/4/2019,"2.111,00","2.145,00","2.151,00","2.145,00","0,03K",-0.85%
5/4/2019,"2.129,00","2.120,00","2.160,00","2.120,00","0,12K",1.38%
4/4/2019,"2.100,00","2.079,00","2.100,00","2.079,00","0,01K",1.45%
3/4/2019,"2.070,00","2.050,00","2.077,00","2.050,00","0,15K",1.62%
2/4/2019,"2.037,00","2.020,00","2.037,00","2.020,00","0,16K",1.39%
1/4/2019,"2.009,00","2.000,00","2.010,00","1.996,00","0,20K",0.40%
29/03/2019,"2.001,00","2.000,00","2.000,00","1.994,00","0,13K",-0.60%
28/03/2019,"2.013,00","2.018,00","2.018,00","2.006,00","0,20K",-0.89%
27/03/2019,"2.031,00","2.035,00","2.035,00","2.007,00","0,59K",-0.25%
26/03/2019,"2.036,00","2.068,00","2.068,00","2.035,00","1,21K",-1.26%
25/03/2019,"2.062,00","2.075,00","2.075,00","2.060,00","0,48K",-1.34%
22/03/2019,"2.090,00","2.075,00","2.092,00","2.075,00","0,19K",0.00%
21/03/2019,"2.090,00","2.082,00","2.098,00","2.082,00","1,36K",-0.24%
20/03/2019,"2.095,00","2.047,00","2.099,00","2.047,00","0,50K",1.70%
19/03/2019,"2.060,00","2.020,00","2.075,00","2.018,00","2,37K",1.73%
18/03/2019,"2.025,00","2.023,00","2.035,00","2.019,00","1,36K",3.85%
15/03/2019,"1.950,00","1.950,00","1.950,00","1.880,00","0,00K",0.00%
14/03/2019,"1.950,00","1.950,00","1.950,00","1.950,00","0,01K",-0.31%
13/03/2019,"1.956,00","1.956,00","1.956,00","1.956,00","0,01K",-1.21%
12/3/2019,"1.980,00","1.950,00","1.980,00","1.950,00","0,01K",0.92%
11/3/2019,"1.962,00","2.020,00","2.020,00","1.959,00","0,03K",-0.46%
8/3/2019,"1.971,00","1.976,00","1.976,00","1.971,00","0,01K",-0.10%
7/3/2019,"1.973,00","1.990,00","1.995,00","1.980,00","0,05K",-1.35%
6/3/2019,"2.000,00","1.990,00","1.995,00","1.990,00","0,04K",0.40%
5/3/2019,"1.992,00","1.979,00","1.981,00","1.979,00","0,06K",0.71%
4/3/2019,"1.978,00","1.980,00","1.980,00","1.978,00","0,03K",-0.40%
1/3/2019,"1.986,00","1.942,00","2.010,00","1.935,00","0,53K",3.71%
28/02/2019,"1.915,00","1.932,00","1.944,00","1.915,00","0,69K",-0.26%
27/02/2019,"1.920,00","1.981,00","2.039,00","1.908,00","1,32K",-3.13%
26/02/2019,"1.982,00","1.917,00","2.039,00","1.908,00","0,81K",-1.88%
25/02/2019,"2.020,00","2.139,00","2.139,00","2.015,00","0,17K",-5.52%
22/02/2019,"2.138,00","2.156,00","2.158,00","2.132,00","0,73K",-0.33%
21/02/2019,"2.145,00","2.125,00","2.147,00","2.119,00","0,21K",0.52%
20/02/2019,"2.134,00","2.155,00","2.162,00","2.110,00","1,23K",-0.97%
19/02/2019,"2.155,00","2.220,00","2.223,00","2.153,00","1,29K",-2.31%
18/02/2019,"2.206,00","2.212,00","2.212,00","2.199,00","0,67K",0.27%
15/02/2019,"2.200,00","2.200,00","2.200,00","2.200,00","0,01K",0.00%
14/02/2019,"2.200,00","2.200,00","2.200,00","2.200,00","0,01K",1.10%
13/02/2019,"2.176,00","2.195,00","2.195,00","2.190,00","0,01K",-0.23%
12/2/2019,"2.181,00","2.197,00","2.197,00","2.190,00","0,04K",-0.64%
11/2/2019,"2.195,00","2.230,00","2.230,00","2.200,00","0,34K",0.23%
8/2/2019,"2.190,00","2.206,00","2.217,00","2.190,00","0,15K",-1.17%
7/2/2019,"2.216,00","2.227,00","2.238,00","2.217,00","0,15K",0.41%
4/2/2019,"2.207,00","2.207,00","2.207,00","2.207,00","0,05K",0.32%
31/01/2019,"2.200,00","2.199,00","2.202,00","2.187,00","0,42K",-0.18%
30/01/2019,"2.204,00","2.194,00","2.218,00","2.180,00","0,52K",0.46%
29/01/2019,"2.194,00","2.229,00","2.229,00","2.182,00","0,33K",-1.26%
28/01/2019,"2.222,00","2.210,00","2.226,00","2.206,00","0,20K",1.46%
25/01/2019,"2.190,00","2.186,00","2.202,00","2.186,00","0,27K",-0.45%
24/01/2019,"2.200,00","2.190,00","2.201,00","2.190,00","0,41K",0.41%
23/01/2019,"2.191,00","2.156,00","2.194,00","2.147,00","0,37K",1.29%
22/01/2019,"2.163,00","2.156,00","2.172,00","2.156,00","0,92K",0.98%
18/01/2019,"2.142,00","2.142,00","2.147,00","2.134,00","3,14K",0.99%
18/01/2019,"2.142,00","2.142,00","2.147,00","2.134,00","3,14K",0.99%
17/01/2019,"2.121,00","2.085,00","2.123,00","2.083,00","0,97K",1.48%
16/01/2019,"2.090,00","2.095,00","2.096,00","2.085,00","0,39K",-1.88%
15/01/2019,"2.130,00","2.130,00","2.130,00","2.130,00","0,05K",3.30%
14/01/2019,"2.062,00","2.100,00","2.100,00","2.100,00","0,59K",-1.48%
11/1/2019,"2.093,00","2.093,00","2.093,00","2.093,00","0,00K",0.29%
10/1/2019,"2.087,00","2.118,00","2.118,00","2.118,00","0,00K",-0.81%
9/1/2019,"2.104,00","2.104,00","2.104,00","2.104,00","0,17K",-0.24%
8/1/2019,"2.109,00","2.100,00","2.128,00","2.100,00","0,17K",0.81%
7/1/2019,"2.092,00","2.130,00","2.130,00","2.090,00","0,31K",-1.32%
4/1/2019,"2.120,00","2.100,00","2.121,00","2.100,00","0,07K",1.44%
3/1/2019,"2.090,00","2.090,00","2.095,00","2.090,00","0,02K",0.97%
2/1/2019,"2.070,00","2.030,00","2.075,00","2.030,00","0,08K",3.29%
